station_id,date,ph,dissolved_oxygen,turbidity,temperature,nitrate,phosphate,wqi,category,status,is_anomaly,anomaly_score,anomaly_label
Station_A,2024-01-07,5.48,5.09,16.88,21.32,1.29,0.36,42.64,Poor,🔴,True,-0.0649,⚠️ Anomaly
Station_A,2024-01-18,8.8,11.46,17.27,25.01,1.13,0.13,32.84,Poor,🔴,True,-0.107,⚠️ Anomaly
Station_A,2024-02-06,9.01,12.96,14.11,24.07,2.26,0.1,33.09,Poor,🔴,True,-0.1123,⚠️ Anomaly
Station_A,2024-02-09,8.72,12.49,14.92,25.26,1.72,0.12,31.38,Poor,🔴,True,-0.0921,⚠️ Anomaly
Station_A,2024-02-11,8.51,6.46,15.66,25.16,2.07,0.15,46.55,Poor,🔴,True,-0.0372,⚠️ Anomaly
Station_A,2024-02-23,8.81,13.13,19.62,25.03,2.06,0.28,33.21,Poor,🔴,True,-0.128,⚠️ Anomaly
Station_A,2024-03-07,5.34,6.25,15.56,25.27,2.61,0.25,44.84,Poor,🔴,True,-0.0355,⚠️ Anomaly
Station_A,2024-03-15,6.12,10.16,6.98,26.67,1.74,0.3,47.43,Poor,🔴,False,0.0655,✅ Normal
Station_A,2024-03-30,6.64,10.09,9.22,28.33,2.42,0.14,48.47,Poor,🔴,False,0.0655,✅ Normal
Station_A,2024-04-03,6.81,10.2,9.17,28.11,1.49,0.02,48.75,Poor,🔴,False,0.0272,✅ Normal
Station_A,2024-04-07,4.95,6.46,14.73,28.7,2.09,0.49,43.06,Poor,🔴,True,-0.0313,⚠️ Anomaly
Station_A,2024-04-12,6.25,10.68,6.71,26.77,1.35,0.32,45.79,Poor,🔴,False,0.0413,✅ Normal
Station_A,2024-04-14,8.43,12.73,16.42,27.17,1.35,0.08,27.47,Poor,🔴,True,-0.1185,⚠️ Anomaly
Station_A,2024-06-08,8.59,12.26,17.49,23.17,1.66,0.0,33.78,Poor,🔴,True,-0.1008,⚠️ Anomaly
Station_A,2024-07-22,5.38,5.11,17.08,18.14,2.63,0.27,41.65,Poor,🔴,True,-0.0384,⚠️ Anomaly
Station_A,2024-07-24,8.24,11.24,16.82,17.92,1.23,0.42,41.26,Poor,🔴,True,-0.0706,⚠️ Anomaly
Station_A,2024-08-17,8.37,4.75,12.76,17.49,1.99,0.18,39.15,Poor,🔴,True,-0.0446,⚠️ Anomaly
Station_A,2024-09-26,8.53,4.77,18.23,16.16,2.21,0.0,34.8,Poor,🔴,True,-0.0889,⚠️ Anomaly
Station_A,2024-10-05,8.36,4.28,16.4,14.54,1.57,0.32,34.01,Poor,🔴,True,-0.0863,⚠️ Anomaly
Station_A,2024-10-18,5.72,10.64,15.05,14.6,1.36,0.41,38.75,Poor,🔴,True,-0.0343,⚠️ Anomaly
Station_A,2024-11-01,5.4,11.1,15.47,15.57,1.93,0.48,38.16,Poor,🔴,True,-0.0285,⚠️ Anomaly
Station_A,2024-11-06,5.21,10.97,16.45,15.18,1.99,0.14,35.69,Poor,🔴,True,-0.0701,⚠️ Anomaly
Station_A,2024-11-07,5.31,4.56,12.55,16.05,2.83,0.4,37.11,Poor,🔴,True,-0.0146,⚠️ Anomaly
Station_A,2024-11-16,8.32,10.99,16.12,18.24,0.52,0.55,41.22,Poor,🔴,True,-0.09,⚠️ Anomaly
Station_A,2024-11-20,8.79,11.8,16.74,15.97,1.62,0.55,36.71,Poor,🔴,True,-0.0876,⚠️ Anomaly
Station_A,2024-11-30,4.84,11.52,15.64,17.94,1.8,0.14,38.06,Poor,🔴,True,-0.0861,⚠️ Anomaly
Station_A,2024-12-04,5.92,5.61,17.11,17.82,1.91,0.26,46.03,Poor,🔴,True,-0.0266,⚠️ Anomaly
Station_B,2024-01-11,5.35,5.33,12.43,23.95,1.3,0.74,39.73,Poor,🔴,True,-0.0481,⚠️ Anomaly
Station_B,2024-01-12,8.48,5.6,15.68,24.83,2.09,0.86,39.26,Poor,🔴,True,-0.0342,⚠️ Anomaly
Station_B,2024-01-17,5.44,11.76,15.27,24.09,3.28,0.88,33.12,Poor,🔴,True,-0.0461,⚠️ Anomaly
Station_B,2024-03-02,5.3,12.57,14.93,28.04,2.29,0.45,29.29,Poor,🔴,True,-0.0734,⚠️ Anomaly
Station_B,2024-03-17,5.25,11.63,13.25,28.28,2.81,1.08,24.76,Very Poor,⚫,True,-0.0655,⚠️ Anomaly
Station_B,2024-03-31,8.64,12.6,12.42,29.38,1.68,0.95,24.51,Very Poor,⚫,True,-0.1042,⚠️ Anomaly
Station_B,2024-04-14,5.68,12.1,11.42,29.19,3.18,0.75,26.68,Poor,🔴,True,-0.0313,⚠️ Anomaly
Station_B,2024-04-19,5.52,12.81,14.41,29.5,2.58,0.74,26.44,Poor,🔴,True,-0.0761,⚠️ Anomaly
Station_B,2024-04-27,8.65,12.86,15.27,28.02,2.05,0.78,27.89,Poor,🔴,True,-0.0891,⚠️ Anomaly
Station_B,2024-05-30,8.46,5.68,15.78,27.34,2.98,0.53,37.08,Poor,🔴,True,-0.0141,⚠️ Anomaly
Station_B,2024-06-03,8.75,13.3,13.5,22.87,2.62,0.7,36.73,Poor,🔴,True,-0.0784,⚠️ Anomaly
Station_B,2024-06-28,8.49,11.83,12.29,23.52,1.93,0.61,37.66,Poor,🔴,True,-0.0409,⚠️ Anomaly
Station_B,2024-06-30,7.84,11.88,14.78,21.22,2.35,0.76,42.73,Poor,🔴,False,0.0004,✅ Normal
Station_B,2024-07-03,5.2,12.39,13.63,21.83,3.14,0.59,38.2,Poor,🔴,True,-0.0526,⚠️ Anomaly
Station_B,2024-07-30,5.65,4.88,15.91,20.3,2.35,0.57,43.04,Poor,🔴,True,-0.0017,⚠️ Anomaly
Station_B,2024-08-05,8.66,11.11,12.64,20.02,3.23,0.52,41.79,Poor,🔴,True,-0.025,⚠️ Anomaly
Station_B,2024-09-06,5.41,10.59,13.83,15.28,2.66,0.8,38.34,Poor,🔴,True,-0.024,⚠️ Anomaly
Station_B,2024-09-17,8.35,4.9,14.9,17.39,2.89,0.6,40.59,Poor,🔴,False,0.013,✅ Normal
Station_B,2024-10-10,8.64,11.55,11.89,16.24,3.21,0.75,35.63,Poor,🔴,True,-0.036,⚠️ Anomaly
Station_B,2024-10-11,5.87,4.94,10.9,15.42,1.86,0.82,37.53,Poor,🔴,False,0.0155,✅ Normal
Station_B,2024-11-04,8.12,10.97,12.23,18.75,2.36,0.77,42.88,Poor,🔴,False,0.0058,✅ Normal
Station_B,2024-11-20,6.21,5.74,13.72,18.94,3.14,0.79,49.42,Poor,🔴,False,0.0617,✅ Normal
Station_B,2024-12-22,5.69,12.09,12.52,20.96,2.39,0.49,40.73,Poor,🔴,True,-0.0123,⚠️ Anomaly
Station_C,2024-01-21,8.48,4.83,11.2,23.91,3.01,0.43,38.17,Poor,🔴,True,-0.0073,⚠️ Anomaly
Station_C,2024-01-26,8.23,5.38,10.5,23.1,4.31,0.72,39.13,Poor,🔴,True,-0.0218,⚠️ Anomaly
Station_C,2024-02-19,5.42,5.81,12.89,23.98,2.77,0.54,44.15,Poor,🔴,False,0.0153,✅ Normal
Station_C,2024-03-16,8.67,6.05,11.23,25.22,2.43,0.57,44.42,Poor,🔴,False,0.0225,✅ Normal
Station_C,2024-03-20,8.96,11.55,14.15,27.28,2.96,1.09,25.96,Poor,🔴,True,-0.0833,⚠️ Anomaly
Station_C,2024-03-25,8.59,12.28,13.81,27.84,3.17,0.39,28.58,Poor,🔴,True,-0.0627,⚠️ Anomaly
Station_C,2024-03-29,8.64,6.19,11.67,26.29,3.62,0.66,41.52,Poor,🔴,False,0.0087,✅ Normal
Station_C,2024-04-17,8.51,6.09,11.75,27.58,2.72,0.61,40.46,Poor,🔴,False,0.0209,✅ Normal
Station_C,2024-05-02,9.13,12.1,11.2,26.03,3.97,0.4,29.92,Poor,🔴,True,-0.0799,⚠️ Anomaly
Station_C,2024-06-08,5.26,11.97,13.28,24.73,2.82,0.56,34.77,Poor,🔴,True,-0.0347,⚠️ Anomaly
Station_C,2024-07-05,5.62,10.55,15.23,21.07,2.9,0.64,44.84,Poor,🔴,False,0.0128,✅ Normal
Station_C,2024-08-31,5.49,10.31,11.57,14.36,2.1,0.63,40.52,Poor,🔴,True,-0.0023,⚠️ Anomaly
Station_C,2024-10-18,8.49,3.66,10.5,14.92,2.34,1.01,30.72,Poor,🔴,True,-0.0195,⚠️ Anomaly
Station_C,2024-11-30,5.26,10.42,12.05,18.99,2.65,0.86,43.98,Poor,🔴,False,0.0012,✅ Normal
Station_C,2024-12-04,5.54,9.97,15.14,18.66,3.61,0.69,47.53,Poor,🔴,False,0.0027,✅ Normal
Station_C,2024-12-19,5.49,9.9,13.13,20.12,2.65,0.88,48.53,Poor,🔴,False,0.0144,✅ Normal
Station_D,2024-02-03,5.52,11.19,17.39,20.61,3.07,0.47,41.74,Poor,🔴,True,-0.0396,⚠️ Anomaly
Station_D,2024-02-16,8.79,5.47,18.18,20.95,3.53,0.86,41.67,Poor,🔴,True,-0.0488,⚠️ Anomaly
Station_D,2024-02-17,8.19,10.83,18.96,21.67,3.61,0.69,41.58,Poor,🔴,True,-0.0506,⚠️ Anomaly
Station_D,2024-02-25,8.67,4.97,17.99,23.14,2.47,0.56,40.37,Poor,🔴,True,-0.0532,⚠️ Anomaly
Station_D,2024-02-28,8.6,5.42,17.42,22.79,2.9,0.76,41.7,Poor,🔴,True,-0.0349,⚠️ Anomaly
Station_D,2024-02-29,5.41,4.91,16.7,22.77,3.72,1.0,34.75,Poor,🔴,True,-0.0646,⚠️ Anomaly
Station_D,2024-03-02,8.38,4.91,20.03,22.74,2.4,0.88,38.6,Poor,🔴,True,-0.0529,⚠️ Anomaly
Station_D,2024-06-18,5.73,11.33,17.25,19.29,2.58,0.63,41.96,Poor,🔴,True,-0.0193,⚠️ Anomaly
Station_D,2024-06-25,6.02,10.71,18.04,18.12,3.77,0.59,43.51,Poor,🔴,True,-0.0331,⚠️ Anomaly
Station_D,2024-07-02,5.54,10.99,19.19,15.7,2.47,0.88,36.31,Poor,🔴,True,-0.0568,⚠️ Anomaly
Station_D,2024-07-10,5.6,4.2,20.94,17.33,3.09,0.79,36.81,Poor,🔴,True,-0.0379,⚠️ Anomaly
Station_D,2024-08-19,6.62,5.92,7.9,12.13,2.9,0.97,48.8,Poor,🔴,False,0.079,✅ Normal
Station_D,2024-08-20,8.07,4.25,18.39,11.82,3.29,0.93,27.14,Poor,🔴,True,-0.061,⚠️ Anomaly
Station_D,2024-09-05,6.66,5.52,9.31,9.84,3.19,0.94,41.86,Poor,🔴,False,0.0278,✅ Normal
Station_D,2024-09-09,7.35,5.69,8.54,9.85,2.65,0.52,47.79,Poor,🔴,False,0.0404,✅ Normal
Station_D,2024-09-14,6.2,5.67,9.04,12.83,3.74,0.94,37.76,Poor,🔴,False,0.0214,✅ Normal
Station_D,2024-09-24,6.7,5.65,7.65,10.6,3.37,0.9,46.59,Poor,🔴,False,0.0607,✅ Normal
Station_D,2024-09-28,6.5,5.78,9.42,11.58,4.02,0.55,43.94,Poor,🔴,False,0.0167,✅ Normal
Station_D,2024-10-02,6.2,5.87,5.81,11.6,3.24,0.83,47.69,Poor,🔴,False,0.0719,✅ Normal
Station_D,2024-10-13,7.43,5.38,6.71,11.21,3.27,1.08,43.65,Poor,🔴,False,0.0497,✅ Normal
Station_D,2024-10-14,7.0,5.33,9.53,10.58,3.59,0.79,45.01,Poor,🔴,False,0.05,✅ Normal
Station_D,2024-10-24,6.81,5.51,7.7,11.65,2.59,0.95,48.65,Poor,🔴,False,0.0844,✅ Normal
Station_D,2024-10-31,4.88,3.82,19.05,11.68,3.69,0.99,23.26,Very Poor,⚫,True,-0.1186,⚠️ Anomaly
Station_E,2024-01-07,5.6,4.62,15.87,22.71,2.84,0.61,39.41,Poor,🔴,True,-0.0063,⚠️ Anomaly
Station_E,2024-01-26,8.43,4.58,17.17,24.92,2.89,0.95,32.38,Poor,🔴,True,-0.0529,⚠️ Anomaly
Station_E,2024-01-31,8.48,10.83,14.75,24.57,3.54,0.59,37.27,Poor,🔴,True,-0.0149,⚠️ Anomaly
Station_E,2024-02-06,5.6,10.44,15.79,26.27,2.89,1.02,33.97,Poor,🔴,True,-0.0205,⚠️ Anomaly
Station_E,2024-03-22,5.34,4.91,15.84,26.98,2.75,0.83,31.3,Poor,🔴,True,-0.0301,⚠️ Anomaly
Station_E,2024-04-12,8.41,5.49,15.09,27.84,2.68,1.03,31.16,Poor,🔴,True,-0.0302,⚠️ Anomaly
Station_E,2024-04-14,5.21,5.42,14.77,27.64,2.57,0.19,33.37,Poor,🔴,True,-0.0549,⚠️ Anomaly
Station_E,2024-04-16,5.67,4.69,14.83,28.42,2.91,0.82,28.74,Poor,🔴,True,-0.0099,⚠️ Anomaly
Station_E,2024-04-17,8.93,11.0,14.04,30.32,3.02,0.31,28.64,Poor,🔴,True,-0.0768,⚠️ Anomaly
Station_E,2024-04-22,5.64,11.73,16.4,27.62,2.98,0.87,28.03,Poor,🔴,True,-0.0451,⚠️ Anomaly
Station_E,2024-05-17,9.31,10.75,15.13,26.06,3.18,0.95,32.41,Poor,🔴,True,-0.0505,⚠️ Anomaly
Station_E,2024-05-27,5.18,11.34,14.23,24.71,3.0,0.92,32.96,Poor,🔴,True,-0.0411,⚠️ Anomaly
Station_E,2024-07-09,5.92,4.16,16.06,21.79,2.46,1.05,36.75,Poor,🔴,True,-0.0413,⚠️ Anomaly
Station_E,2024-07-18,5.33,9.74,16.04,20.04,2.69,0.99,48.61,Poor,🔴,True,-0.0292,⚠️ Anomaly
Station_E,2024-07-20,8.84,2.76,14.3,19.67,3.12,0.67,38.47,Poor,🔴,True,-0.0166,⚠️ Anomaly
Station_E,2024-08-21,8.76,10.06,16.7,17.73,3.29,1.22,40.52,Poor,🔴,True,-0.0834,⚠️ Anomaly
Station_E,2024-08-26,5.66,10.0,17.44,17.44,2.62,1.01,44.48,Poor,🔴,True,-0.0328,⚠️ Anomaly
Station_E,2024-09-12,7.59,5.94,8.12,16.71,3.56,1.45,46.54,Poor,🔴,False,0.0228,✅ Normal
Station_E,2024-10-20,5.26,9.82,16.2,15.53,3.0,0.82,44.41,Poor,🔴,True,-0.0185,⚠️ Anomaly
Station_E,2024-10-22,7.69,5.18,6.85,17.84,3.22,0.95,49.62,Poor,🔴,False,0.0966,✅ Normal
Station_E,2024-11-15,5.75,2.91,12.99,16.71,2.87,1.09,32.21,Poor,🔴,True,-0.0348,⚠️ Anomaly
Station_E,2024-12-03,5.59,4.12,16.28,20.12,2.87,0.77,39.18,Poor,🔴,True,-0.0058,⚠️ Anomaly
Station_E,2024-12-07,5.51,4.36,16.74,20.19,3.55,0.72,38.69,Poor,🔴,True,-0.029,⚠️ Anomaly
Station_E,2024-12-28,8.7,10.36,16.18,20.53,2.42,0.6,46.87,Poor,🔴,True,-0.0387,⚠️ Anomaly
