station_id,date,ph,dissolved_oxygen,turbidity,temperature,nitrate,phosphate
Station_A,2024-01-01,7.35,9.25,5.69,21.63,1.39,0.15
Station_A,2024-01-02,6.09,9.36,7.62,19.67,1.41,0.09
Station_A,2024-01-03,7.31,8.79,6.49,19.87,1.35,0.26
Station_A,2024-01-04,6.69,9.39,6.83,20.76,1.11,0.21
Station_A,2024-01-05,7.12,8.33,6.71,19.54,0.96,0.28
Station_A,2024-01-06,6.94,9.4,4.88,20.02,2.01,0.13
Station_A,2024-01-07,5.48,5.09,16.88,21.32,1.29,0.36
Station_A,2024-01-08,7.18,9.46,5.13,21.5,1.79,0.44
Station_A,2024-01-09,6.82,8.8,8.16,21.01,2.04,0.3
Station_A,2024-01-10,6.98,8.7,6.93,23.55,1.61,0.55
Station_A,2024-01-11,6.75,9.01,4.26,23.16,2.08,0.24
Station_A,2024-01-12,7.32,8.8,5.18,21.72,2.08,0.31
Station_A,2024-01-13,7.29,9.16,5.93,22.99,1.5,0.17
Station_A,2024-01-14,6.96,9.22,6.4,22.18,0.92,0.16
Station_A,2024-01-15,7.01,9.02,6.71,20.5,1.15,0.52
Station_A,2024-01-16,6.3,9.11,6.48,25.08,1.53,0.3
Station_A,2024-01-17,6.98,9.14,7.54,21.57,1.24,0.4
Station_A,2024-01-18,8.8,11.46,17.27,25.01,1.13,0.13
Station_A,2024-01-19,6.41,9.21,4.8,23.39,1.16,0.55
Station_A,2024-01-20,6.76,8.75,5.86,23.57,2.15,0.35
Station_A,2024-01-21,6.39,9.3,6.78,23.89,1.01,0.0
Station_A,2024-01-22,7.06,9.83,6.73,24.05,1.71,0.0
Station_A,2024-01-23,6.52,9.57,4.93,24.09,2.2,0.08
Station_A,2024-01-24,7.0,9.72,5.09,23.54,0.94,0.09
Station_A,2024-01-25,6.85,9.44,6.81,24.32,1.63,0.53
Station_A,2024-01-26,6.45,9.27,4.95,24.56,1.65,0.21
Station_A,2024-01-27,6.81,9.66,7.1,23.6,1.2,0.0
Station_A,2024-01-28,6.6,9.06,7.46,23.86,1.94,0.59
Station_A,2024-01-29,6.89,8.76,6.93,24.42,2.17,0.45
Station_A,2024-01-30,7.15,9.04,6.85,24.21,1.64,0.41
Station_A,2024-01-31,7.05,9.93,7.82,24.69,1.47,0.39
Station_A,2024-02-01,6.92,8.95,6.33,23.59,0.73,0.31
Station_A,2024-02-02,6.73,9.93,6.49,23.14,1.27,0.38
Station_A,2024-02-03,7.59,10.33,8.44,25.13,1.63,0.33
Station_A,2024-02-04,6.68,9.85,5.2,24.27,1.88,0.41
Station_A,2024-02-05,6.77,9.27,6.87,22.86,2.1,0.49
Station_A,2024-02-06,9.01,12.96,14.11,24.07,2.26,0.1
Station_A,2024-02-07,7.01,9.85,5.0,24.58,0.0,0.04
Station_A,2024-02-08,6.28,8.82,8.71,26.04,1.56,0.15
Station_A,2024-02-09,8.72,12.49,14.92,25.26,1.72,0.12
Station_A,2024-02-10,6.91,9.83,8.77,23.64,2.69,0.0
Station_A,2024-02-11,8.51,6.46,15.66,25.16,2.07,0.15
Station_A,2024-02-12,6.69,9.35,7.82,26.49,1.81,0.36
Station_A,2024-02-13,6.63,9.26,7.51,25.72,1.61,0.26
Station_A,2024-02-14,6.67,10.13,8.72,24.74,1.42,0.29
Station_A,2024-02-15,7.27,9.57,7.41,24.95,1.79,0.21
Station_A,2024-02-16,7.45,10.11,3.7,24.88,2.23,0.0
Station_A,2024-02-17,7.06,9.9,6.37,24.5,1.66,0.1
Station_A,2024-02-18,6.78,10.0,7.31,26.83,1.41,0.28
Station_A,2024-02-19,6.73,9.73,4.22,24.13,1.26,0.2
Station_A,2024-02-20,6.26,10.41,5.94,25.6,1.28,0.23
Station_A,2024-02-21,6.97,9.22,7.17,27.2,1.57,0.32
Station_A,2024-02-22,6.77,9.87,6.5,26.72,1.86,0.25
Station_A,2024-02-23,8.81,13.13,19.62,25.03,2.06,0.28
Station_A,2024-02-24,7.53,9.26,5.13,25.26,0.56,0.14
Station_A,2024-02-25,6.3,9.85,7.25,26.89,2.0,0.54
Station_A,2024-02-26,7.23,9.45,3.82,27.33,1.57,0.49
Station_A,2024-02-27,6.84,9.67,6.78,26.33,2.38,0.3
Station_A,2024-02-28,6.74,10.01,4.79,25.94,1.68,0.34
Station_A,2024-02-29,7.19,10.48,5.15,25.84,1.75,0.65
Station_A,2024-03-01,7.23,9.75,9.48,27.95,1.5,0.43
Station_A,2024-03-02,7.32,10.17,5.74,25.9,0.76,0.53
Station_A,2024-03-03,6.79,10.09,8.65,26.37,2.44,0.0
Station_A,2024-03-04,6.87,10.14,5.97,24.67,1.62,0.32
Station_A,2024-03-05,6.48,10.09,6.94,25.44,1.37,0.03
Station_A,2024-03-06,7.49,9.6,5.72,25.95,1.22,0.13
Station_A,2024-03-07,5.34,6.25,15.56,25.27,2.61,0.25
Station_A,2024-03-08,6.66,9.88,6.22,26.29,1.93,0.39
Station_A,2024-03-09,6.71,9.17,9.95,26.24,1.31,0.0
Station_A,2024-03-10,7.05,9.94,11.01,27.71,1.56,0.05
Station_A,2024-03-11,6.63,9.34,6.11,26.58,1.09,0.11
Station_A,2024-03-12,7.38,10.24,6.38,28.14,1.66,0.07
Station_A,2024-03-13,6.74,10.59,5.81,26.02,2.32,0.0
Station_A,2024-03-14,6.45,10.09,5.42,26.24,1.33,0.07
Station_A,2024-03-15,6.12,10.16,6.98,26.67,1.74,0.3
Station_A,2024-03-16,7.02,9.33,6.54,27.53,0.79,0.35
Station_A,2024-03-17,6.71,9.32,6.81,24.07,1.39,0.18
Station_A,2024-03-18,7.07,9.0,6.29,25.62,1.3,0.25
Station_A,2024-03-19,6.69,10.21,8.05,27.63,1.26,0.73
Station_A,2024-03-20,7.05,9.73,6.95,26.27,1.67,0.21
Station_A,2024-03-21,6.84,9.89,5.5,27.48,1.46,0.18
Station_A,2024-03-22,6.96,10.88,7.7,26.58,2.22,0.16
Station_A,2024-03-23,6.67,8.73,7.97,26.08,0.83,0.24
Station_A,2024-03-24,7.12,8.74,6.75,27.71,0.88,0.47
Station_A,2024-03-25,7.03,10.47,7.84,27.03,1.38,0.32
Station_A,2024-03-26,7.12,9.42,6.5,26.48,1.86,0.31
Station_A,2024-03-27,7.26,9.63,5.75,26.42,2.11,0.44
Station_A,2024-03-28,7.0,10.79,5.23,25.73,0.73,0.54
Station_A,2024-03-29,6.93,11.17,6.09,27.03,2.52,0.36
Station_A,2024-03-30,6.64,10.09,9.22,28.33,2.42,0.14
Station_A,2024-03-31,6.85,10.24,10.2,27.51,1.33,0.21
Station_A,2024-04-01,6.57,9.02,7.63,27.06,0.98,0.0
Station_A,2024-04-02,6.42,9.72,4.7,26.83,1.62,0.0
Station_A,2024-04-03,6.81,10.2,9.17,28.11,1.49,0.02
Station_A,2024-04-04,6.87,9.93,5.38,27.12,1.23,0.38
Station_A,2024-04-05,6.7,9.58,6.34,26.42,1.27,0.26
Station_A,2024-04-06,7.29,8.52,3.27,25.72,1.04,0.28
Station_A,2024-04-07,4.95,6.46,14.73,28.7,2.09,0.49
Station_A,2024-04-08,7.09,9.28,5.61,27.42,1.01,0.38
Station_A,2024-04-09,7.12,9.37,6.74,27.17,2.45,0.04
Station_A,2024-04-10,7.05,9.68,6.88,25.65,2.09,0.2
Station_A,2024-04-11,6.5,9.43,8.37,25.13,2.0,0.0
Station_A,2024-04-12,6.25,10.68,6.71,26.77,1.35,0.32
Station_A,2024-04-13,7.17,9.81,5.89,28.19,2.7,0.37
Station_A,2024-04-14,8.43,12.73,16.42,27.17,1.35,0.08
Station_A,2024-04-15,6.93,9.33,7.0,25.09,2.14,0.33
Station_A,2024-04-16,7.36,10.6,4.89,27.28,1.55,0.4
Station_A,2024-04-17,6.69,9.82,7.17,26.01,1.72,0.09
Station_A,2024-04-18,6.42,9.41,8.4,25.82,1.91,0.0
Station_A,2024-04-19,7.02,9.89,5.1,27.38,1.34,0.26
Station_A,2024-04-20,6.37,10.29,5.86,26.89,1.71,0.17
Station_A,2024-04-21,6.69,10.7,7.45,26.05,1.94,0.43
Station_A,2024-04-22,6.35,10.35,4.41,26.34,2.16,0.26
Station_A,2024-04-23,7.04,10.32,7.64,26.99,1.59,0.0
Station_A,2024-04-24,7.12,9.84,7.06,26.28,2.19,0.22
Station_A,2024-04-25,7.16,9.5,6.54,25.99,1.41,0.18
Station_A,2024-04-26,6.56,10.39,6.0,26.54,1.83,0.0
Station_A,2024-04-27,7.18,9.01,6.79,27.25,1.67,0.45
Station_A,2024-04-28,7.24,9.4,5.63,23.83,2.08,0.3
Station_A,2024-04-29,6.74,10.46,8.76,25.74,1.41,0.18
Station_A,2024-04-30,6.57,9.2,3.49,25.01,1.09,0.38
Station_A,2024-05-01,7.17,9.61,6.32,26.84,1.06,0.32
Station_A,2024-05-02,7.22,10.52,4.04,26.19,1.37,0.12
Station_A,2024-05-03,6.68,10.29,8.52,25.49,1.21,0.33
Station_A,2024-05-04,6.66,9.34,9.93,26.94,1.2,0.27
Station_A,2024-05-05,6.69,9.48,6.82,26.28,1.95,0.64
Station_A,2024-05-06,6.35,9.04,7.72,24.94,1.2,0.24
Station_A,2024-05-07,6.72,9.77,6.37,27.01,2.89,0.13
Station_A,2024-05-08,7.27,9.08,3.93,26.23,1.74,0.3
Station_A,2024-05-09,7.12,9.89,7.99,26.87,2.32,0.37
Station_A,2024-05-10,6.76,9.21,5.36,26.13,1.83,0.32
Station_A,2024-05-11,6.93,9.64,4.35,26.32,1.95,0.67
Station_A,2024-05-12,6.95,9.4,7.2,25.55,2.23,0.0
Station_A,2024-05-13,6.74,9.69,8.0,24.41,1.69,0.1
Station_A,2024-05-14,6.73,9.65,6.94,24.84,1.56,0.0
Station_A,2024-05-15,6.71,10.51,4.22,23.09,1.84,0.14
Station_A,2024-05-16,7.21,10.21,6.06,24.07,1.57,0.37
Station_A,2024-05-17,6.42,9.2,6.32,25.39,1.5,0.31
Station_A,2024-05-18,6.9,9.42,7.82,24.73,1.88,0.23
Station_A,2024-05-19,6.98,9.75,7.25,25.44,1.95,0.51
Station_A,2024-05-20,7.25,9.75,4.85,24.87,1.81,0.09
Station_A,2024-05-21,6.86,8.78,6.58,24.16,2.04,0.11
Station_A,2024-05-22,6.79,9.47,6.13,24.07,2.86,0.14
Station_A,2024-05-23,7.11,9.68,4.94,24.63,1.62,0.01
Station_A,2024-05-24,7.03,10.34,5.08,24.63,1.49,0.22
Station_A,2024-05-25,6.57,9.3,9.09,25.15,1.34,0.35
Station_A,2024-05-26,6.96,9.03,9.11,24.79,1.82,0.38
Station_A,2024-05-27,7.19,9.14,8.37,24.54,2.66,0.1
Station_A,2024-05-28,6.76,9.5,4.84,23.73,1.93,0.47
Station_A,2024-05-29,7.39,9.6,6.45,24.29,1.93,0.04
Station_A,2024-05-30,7.2,9.31,7.79,24.96,0.69,0.06
Station_A,2024-05-31,6.94,9.88,8.92,23.54,2.16,0.23
Station_A,2024-06-01,6.38,9.05,7.59,24.08,1.89,0.0
Station_A,2024-06-02,6.69,9.52,7.13,24.07,1.35,0.11
Station_A,2024-06-03,6.97,9.16,3.92,23.67,1.55,0.45
Station_A,2024-06-04,7.22,8.42,5.85,22.51,0.98,0.47
Station_A,2024-06-05,6.41,9.14,3.25,23.79,1.49,0.49
Station_A,2024-06-06,7.32,9.69,5.87,23.09,1.46,0.66
Station_A,2024-06-07,6.98,9.9,5.94,23.73,1.46,0.13
Station_A,2024-06-08,8.59,12.26,17.49,23.17,1.66,0.0
Station_A,2024-06-09,7.15,9.39,7.89,20.26,2.67,0.21
Station_A,2024-06-10,6.59,9.52,6.81,22.41,2.16,0.21
Station_A,2024-06-11,7.14,9.43,6.62,23.33,2.83,0.23
Station_A,2024-06-12,6.74,9.2,6.69,23.31,1.09,0.37
Station_A,2024-06-13,7.36,8.58,6.85,22.01,1.59,0.31
Station_A,2024-06-14,6.98,9.85,7.24,23.02,0.78,0.05
Station_A,2024-06-15,7.05,9.47,5.95,23.94,1.55,0.27
Station_A,2024-06-16,6.49,8.28,5.06,24.02,0.85,0.18
Station_A,2024-06-17,7.37,9.59,5.36,24.62,2.11,0.18
Station_A,2024-06-18,6.74,9.06,4.66,20.73,2.35,0.0
Station_A,2024-06-19,7.29,9.33,7.28,23.02,2.0,0.3
Station_A,2024-06-20,6.82,9.31,6.34,21.11,1.19,0.04
Station_A,2024-06-21,6.93,9.71,7.77,20.39,1.13,0.43
Station_A,2024-06-22,6.83,8.92,4.94,22.41,2.55,0.28
Station_A,2024-06-23,7.9,6.2,16.36,22.31,1.74,0.51
Station_A,2024-06-24,6.91,9.24,6.47,21.7,1.27,0.11
Station_A,2024-06-25,7.22,8.8,5.98,22.31,2.0,0.1
Station_A,2024-06-26,6.79,9.55,5.38,21.73,1.21,0.67
Station_A,2024-06-27,7.03,8.54,5.86,21.8,2.24,0.57
Station_A,2024-06-28,6.71,8.21,6.26,23.82,1.22,0.57
Station_A,2024-06-29,7.17,9.43,6.85,20.61,0.81,0.35
Station_A,2024-06-30,6.7,8.35,5.42,19.81,1.64,0.09
Station_A,2024-07-01,6.69,9.19,7.94,21.04,1.86,0.66
Station_A,2024-07-02,7.24,8.22,8.9,21.25,1.27,0.23
Station_A,2024-07-03,6.58,9.12,5.02,20.81,2.42,0.18
Station_A,2024-07-04,7.2,9.1,4.75,20.31,2.23,0.27
Station_A,2024-07-05,6.65,8.89,5.6,20.88,1.88,0.36
Station_A,2024-07-06,6.64,8.09,3.64,20.93,1.07,0.0
Station_A,2024-07-07,7.13,8.76,6.77,20.32,1.43,0.33
Station_A,2024-07-08,6.9,8.67,7.77,19.92,1.76,0.3
Station_A,2024-07-09,6.72,8.59,4.61,19.76,1.11,0.5
Station_A,2024-07-10,7.2,8.93,6.35,20.83,2.32,0.35
Station_A,2024-07-11,6.12,8.7,5.83,18.92,1.88,0.25
Station_A,2024-07-12,6.89,7.67,4.98,19.66,1.02,0.36
Station_A,2024-07-13,6.58,8.85,5.36,19.64,1.34,0.16
Station_A,2024-07-14,6.69,8.47,5.81,19.78,1.7,0.24
Station_A,2024-07-15,6.41,9.06,7.14,21.79,1.1,0.2
Station_A,2024-07-16,6.46,8.48,4.64,17.6,1.89,0.39
Station_A,2024-07-17,6.87,8.48,5.8,19.29,2.06,0.08
Station_A,2024-07-18,6.43,8.65,6.37,19.79,1.68,0.05
Station_A,2024-07-19,6.52,8.52,8.14,18.25,0.47,0.15
Station_A,2024-07-20,7.32,8.42,5.39,20.05,1.32,0.61
Station_A,2024-07-21,6.85,8.97,8.51,20.13,1.76,0.4
Station_A,2024-07-22,5.38,5.11,17.08,18.14,2.63,0.27
Station_A,2024-07-23,6.76,8.57,4.37,17.75,2.22,0.11
Station_A,2024-07-24,8.24,11.24,16.82,17.92,1.23,0.42
Station_A,2024-07-25,7.06,9.1,4.51,18.03,1.76,0.06
Station_A,2024-07-26,7.01,9.51,5.43,19.36,1.65,0.29
Station_A,2024-07-27,7.1,8.71,5.11,18.7,1.9,0.2
Station_A,2024-07-28,6.56,7.41,9.48,17.15,1.51,0.19
Station_A,2024-07-29,6.47,8.84,6.85,18.43,2.04,0.08
Station_A,2024-07-30,7.02,8.73,7.39,19.24,1.71,0.0
Station_A,2024-07-31,6.85,8.31,7.61,18.56,1.64,0.0
Station_A,2024-08-01,6.97,9.19,6.75,20.49,1.91,0.0
Station_A,2024-08-02,6.97,8.77,5.46,18.28,1.5,0.24
Station_A,2024-08-03,6.81,7.88,5.52,18.3,2.46,0.32
Station_A,2024-08-04,6.72,7.74,6.81,19.08,0.9,0.02
Station_A,2024-08-05,7.09,8.09,8.98,17.14,1.74,0.43
Station_A,2024-08-06,7.38,7.89,8.14,16.89,1.71,0.07
Station_A,2024-08-07,6.71,8.34,8.71,19.38,2.65,0.48
Station_A,2024-08-08,6.69,8.65,6.38,18.61,2.18,0.11
Station_A,2024-08-09,6.9,8.96,4.68,17.02,1.27,0.0
Station_A,2024-08-10,7.02,7.53,6.68,17.71,2.55,0.03
Station_A,2024-08-11,6.81,7.72,5.83,18.14,2.57,0.55
Station_A,2024-08-12,6.45,7.6,5.6,17.75,0.68,0.27
Station_A,2024-08-13,6.73,7.37,7.16,16.37,1.04,0.0
Station_A,2024-08-14,6.94,7.97,2.09,16.67,2.07,0.4
Station_A,2024-08-15,6.58,8.3,7.54,17.98,1.57,0.2
Station_A,2024-08-16,6.98,8.02,5.13,15.76,1.47,0.55
Station_A,2024-08-17,8.37,4.75,12.76,17.49,1.99,0.18
Station_A,2024-08-18,6.89,8.37,4.05,16.01,2.02,0.0
Station_A,2024-08-19,6.47,9.31,6.51,16.82,1.22,0.18
Station_A,2024-08-20,6.65,7.68,6.69,17.55,1.12,0.25
Station_A,2024-08-21,6.79,8.15,6.96,18.15,1.58,0.07
Station_A,2024-08-22,7.01,8.52,2.85,15.26,1.93,0.65
Station_A,2024-08-23,7.29,8.08,5.42,16.15,1.31,0.36
Station_A,2024-08-24,6.73,7.57,6.58,17.77,1.79,0.19
Station_A,2024-08-25,6.77,8.29,6.87,16.06,1.59,0.09
Station_A,2024-08-26,6.82,9.62,6.84,15.28,1.41,0.47
Station_A,2024-08-27,6.33,8.12,6.94,17.34,2.22,0.35
Station_A,2024-08-28,6.89,8.43,7.12,15.07,1.3,0.45
Station_A,2024-08-29,6.79,8.24,5.57,15.34,1.77,0.39
Station_A,2024-08-30,7.49,7.46,6.43,17.22,1.58,0.33
Station_A,2024-08-31,7.22,8.7,4.61,15.5,1.64,0.19
Station_A,2024-09-01,7.05,8.14,6.68,15.35,1.79,0.18
Station_A,2024-09-02,7.42,8.14,5.94,13.7,1.54,0.5
Station_A,2024-09-03,7.26,7.94,4.89,15.11,2.04,0.35
Station_A,2024-09-04,6.7,7.74,5.4,13.54,2.01,0.49
Station_A,2024-09-05,7.17,7.73,7.0,15.5,1.17,0.31
Station_A,2024-09-06,7.23,7.37,5.79,16.01,1.37,0.4
Station_A,2024-09-07,6.91,8.9,4.89,14.76,1.88,0.28
Station_A,2024-09-08,7.09,8.26,4.57,16.24,1.76,0.37
Station_A,2024-09-09,6.83,7.43,8.05,15.24,0.54,0.41
Station_A,2024-09-10,6.82,7.44,6.06,15.75,1.41,0.39
Station_A,2024-09-11,7.1,8.21,4.99,16.38,1.36,0.4
Station_A,2024-09-12,6.98,7.58,5.03,15.36,0.68,0.18
Station_A,2024-09-13,6.56,7.36,7.82,16.94,1.57,0.21
Station_A,2024-09-14,6.9,7.66,5.29,15.24,1.8,0.47
Station_A,2024-09-15,7.17,8.13,6.68,16.18,0.27,0.38
Station_A,2024-09-16,7.32,7.7,7.72,15.38,2.68,0.02
Station_A,2024-09-17,7.37,8.25,6.51,13.53,1.5,0.07
Station_A,2024-09-18,7.0,7.94,8.61,15.72,2.77,0.26
Station_A,2024-09-19,6.65,7.21,5.47,15.05,1.41,0.1
Station_A,2024-09-20,6.81,6.83,7.07,13.83,1.18,0.11
Station_A,2024-09-21,6.78,7.49,6.87,16.39,0.69,0.26
Station_A,2024-09-22,6.64,7.76,5.06,15.31,1.68,0.0
Station_A,2024-09-23,7.44,7.83,5.33,13.51,0.72,0.0
Station_A,2024-09-24,7.11,8.62,7.77,14.47,1.7,0.12
Station_A,2024-09-25,6.79,7.41,3.16,14.29,1.52,0.04
Station_A,2024-09-26,8.53,4.77,18.23,16.16,2.21,0.0
Station_A,2024-09-27,6.94,8.23,6.96,15.63,1.65,0.09
Station_A,2024-09-28,6.86,7.75,6.2,13.11,1.35,0.26
Station_A,2024-09-29,6.29,8.22,7.68,16.27,1.86,0.41
Station_A,2024-09-30,6.52,8.31,7.89,14.32,2.32,0.19
Station_A,2024-10-01,6.33,7.51,3.64,16.16,2.42,0.4
Station_A,2024-10-02,6.55,7.65,4.73,14.78,1.47,0.4
Station_A,2024-10-03,6.89,7.77,4.27,16.21,1.55,0.1
Station_A,2024-10-04,7.16,8.66,4.54,14.41,1.61,0.3
Station_A,2024-10-05,8.36,4.28,16.4,14.54,1.57,0.32
Station_A,2024-10-06,6.55,7.68,3.69,14.67,1.58,0.29
Station_A,2024-10-07,7.23,8.04,6.23,15.48,0.84,0.02
Station_A,2024-10-08,6.93,7.27,8.75,15.3,1.51,0.49
Station_A,2024-10-09,6.64,7.55,6.14,14.59,0.63,0.39
Station_A,2024-10-10,6.82,7.31,6.08,17.41,1.77,0.42
Station_A,2024-10-11,6.51,8.12,5.69,14.99,2.95,0.0
Station_A,2024-10-12,6.95,8.76,5.85,15.4,1.29,0.42
Station_A,2024-10-13,6.99,7.86,8.08,15.09,0.74,0.49
Station_A,2024-10-14,7.07,7.52,6.75,12.75,2.98,0.19
Station_A,2024-10-15,6.86,8.03,7.17,15.84,1.9,0.26
Station_A,2024-10-16,7.22,7.79,6.19,16.22,2.79,0.28
Station_A,2024-10-17,6.87,7.7,8.08,16.2,1.24,0.32
Station_A,2024-10-18,5.72,10.64,15.05,14.6,1.36,0.41
Station_A,2024-10-19,7.03,8.26,7.02,14.72,1.97,0.48
Station_A,2024-10-20,6.98,8.45,6.35,14.47,1.54,0.09
Station_A,2024-10-21,6.82,7.64,6.55,15.25,1.64,0.36
Station_A,2024-10-22,6.87,7.52,7.38,16.36,0.82,0.09
Station_A,2024-10-23,7.14,7.62,6.16,16.16,1.48,0.37
Station_A,2024-10-24,7.07,7.32,6.48,15.78,2.3,0.0
Station_A,2024-10-25,6.88,8.45,9.67,14.25,1.3,0.28
Station_A,2024-10-26,7.12,7.47,7.11,16.09,2.15,0.79
Station_A,2024-10-27,6.65,8.41,3.64,15.61,1.79,0.05
Station_A,2024-10-28,6.63,8.53,6.39,15.67,1.46,0.27
Station_A,2024-10-29,6.62,8.54,5.98,14.95,1.99,0.14
Station_A,2024-10-30,6.95,8.08,7.67,15.64,1.82,0.22
Station_A,2024-10-31,6.85,8.98,8.75,14.51,1.89,0.08
Station_A,2024-11-01,5.4,11.1,15.47,15.57,1.93,0.48
Station_A,2024-11-02,6.87,8.31,4.23,13.65,1.35,0.0
Station_A,2024-11-03,7.25,7.86,5.8,16.48,1.44,0.66
Station_A,2024-11-04,7.08,7.49,4.06,16.88,1.81,0.06
Station_A,2024-11-05,7.2,7.36,8.71,15.36,1.72,0.21
Station_A,2024-11-06,5.21,10.97,16.45,15.18,1.99,0.14
Station_A,2024-11-07,5.31,4.56,12.55,16.05,2.83,0.4
Station_A,2024-11-08,6.88,8.35,4.62,17.42,1.98,0.38
Station_A,2024-11-09,6.8,8.18,7.86,15.63,0.54,0.29
Station_A,2024-11-10,6.92,8.12,6.65,16.68,1.51,0.54
Station_A,2024-11-11,6.76,8.02,5.28,15.71,2.46,0.22
Station_A,2024-11-12,6.88,8.23,4.5,15.96,1.44,0.18
Station_A,2024-11-13,6.99,8.83,6.88,16.28,0.98,0.56
Station_A,2024-11-14,6.63,7.51,6.04,17.18,2.12,0.23
Station_A,2024-11-15,6.55,8.07,6.45,17.37,1.63,0.0
Station_A,2024-11-16,8.32,10.99,16.12,18.24,0.52,0.55
Station_A,2024-11-17,6.45,8.04,5.75,17.53,0.83,0.33
Station_A,2024-11-18,6.66,8.27,6.64,17.06,1.9,0.12
Station_A,2024-11-19,7.0,8.21,5.43,17.58,2.53,0.2
Station_A,2024-11-20,8.79,11.8,16.74,15.97,1.62,0.55
Station_A,2024-11-21,7.06,8.13,7.33,15.98,1.28,0.02
Station_A,2024-11-22,6.73,8.38,5.74,17.27,2.67,0.19
Station_A,2024-11-23,6.65,7.47,4.38,15.81,1.75,0.27
Station_A,2024-11-24,6.31,8.78,5.37,18.29,0.64,0.42
Station_A,2024-11-25,6.66,7.99,4.1,17.62,1.73,0.2
Station_A,2024-11-26,6.91,8.59,9.36,16.11,2.43,0.26
Station_A,2024-11-27,7.11,8.17,8.51,17.35,1.44,0.0
Station_A,2024-11-28,6.5,8.51,7.72,17.43,0.32,0.28
Station_A,2024-11-29,6.73,8.82,7.95,18.68,1.15,0.32
Station_A,2024-11-30,4.84,11.52,15.64,17.94,1.8,0.14
Station_A,2024-12-01,6.67,8.39,4.76,17.03,1.96,0.01
Station_A,2024-12-02,6.8,8.96,4.8,17.01,2.06,0.36
Station_A,2024-12-03,7.11,8.28,5.5,19.72,2.49,0.44
Station_A,2024-12-04,5.92,5.61,17.11,17.82,1.91,0.26
Station_A,2024-12-05,6.4,8.83,7.85,19.29,1.64,0.05
Station_A,2024-12-06,7.06,8.36,7.19,19.47,1.46,0.6
Station_A,2024-12-07,7.2,8.93,5.76,19.35,1.36,0.35
Station_A,2024-12-08,7.01,8.87,7.08,20.44,1.62,0.37
Station_A,2024-12-09,7.01,8.23,5.32,20.31,1.59,0.33
Station_A,2024-12-10,7.14,8.8,7.14,19.01,1.63,0.11
Station_A,2024-12-11,6.8,8.67,6.76,20.45,1.13,0.18
Station_A,2024-12-12,6.73,8.12,7.43,18.77,2.15,0.36
Station_A,2024-12-13,7.21,9.53,6.5,18.62,1.12,0.02
Station_A,2024-12-14,6.42,9.14,5.45,20.89,1.36,0.0
Station_A,2024-12-15,6.74,8.52,7.2,19.3,2.32,0.47
Station_A,2024-12-16,6.77,7.95,5.77,19.81,1.14,0.05
Station_A,2024-12-17,6.48,8.67,8.66,19.04,1.3,0.58
Station_A,2024-12-18,6.43,8.32,6.27,18.31,1.16,0.04
Station_A,2024-12-19,6.9,8.86,6.27,20.04,1.72,0.08
Station_A,2024-12-20,6.48,9.1,7.61,18.81,2.03,0.55
Station_A,2024-12-21,7.07,7.93,6.07,20.34,2.46,0.39
Station_A,2024-12-22,6.81,8.69,4.1,20.68,1.91,0.23
Station_A,2024-12-23,6.76,8.94,5.1,20.12,1.78,0.28
Station_A,2024-12-24,6.74,7.95,9.02,21.75,0.98,0.38
Station_A,2024-12-25,6.98,9.05,5.34,19.6,2.48,0.18
Station_A,2024-12-26,6.7,8.9,7.14,21.05,1.66,0.39
Station_A,2024-12-27,7.3,9.14,6.62,22.39,1.53,0.12
Station_A,2024-12-28,7.2,10.0,5.21,19.4,1.78,0.38
Station_A,2024-12-29,7.52,8.46,7.64,19.87,0.82,0.0
Station_A,2024-12-30,6.71,9.28,5.81,20.94,1.64,0.0
Station_B,2024-01-01,6.78,8.55,3.45,21.71,2.71,0.72
Station_B,2024-01-02,6.89,8.51,1.0,22.03,4.11,0.94
Station_B,2024-01-03,7.31,8.6,1.63,23.96,2.07,0.42
Station_B,2024-01-04,6.92,8.42,2.9,26.04,2.82,0.63
Station_B,2024-01-05,7.04,8.95,2.05,24.75,2.09,0.76
Station_B,2024-01-06,7.16,8.43,2.01,22.97,3.13,0.87
Station_B,2024-01-07,6.91,9.11,1.46,23.08,2.69,0.38
Station_B,2024-01-08,6.58,8.64,4.16,25.56,1.85,0.31
Station_B,2024-01-09,7.32,9.46,2.63,22.27,3.15,0.64
Station_B,2024-01-10,6.69,9.0,1.24,23.93,2.19,0.61
Station_B,2024-01-11,5.35,5.33,12.43,23.95,1.3,0.74
Station_B,2024-01-12,8.48,5.6,15.68,24.83,2.09,0.86
Station_B,2024-01-13,7.36,9.07,3.17,24.31,1.6,0.65
Station_B,2024-01-14,6.6,8.92,1.43,24.01,3.26,0.6
Station_B,2024-01-15,6.91,9.51,3.38,24.22,2.73,0.58
Station_B,2024-01-16,7.35,8.81,0.5,24.9,2.32,0.45
Station_B,2024-01-17,5.44,11.76,15.27,24.09,3.28,0.88
Station_B,2024-01-18,6.93,10.14,3.04,25.99,3.34,0.77
Station_B,2024-01-19,7.02,9.81,3.25,23.71,3.34,0.83
Station_B,2024-01-20,7.04,9.06,3.17,24.89,2.91,0.98
Station_B,2024-01-21,7.05,9.61,1.08,25.16,3.54,0.65
Station_B,2024-01-22,6.8,8.65,1.5,24.18,3.06,0.66
Station_B,2024-01-23,6.72,9.93,3.4,25.99,2.31,0.86
Station_B,2024-01-24,7.02,9.16,0.5,26.16,2.23,0.57
Station_B,2024-01-25,7.13,8.51,3.9,23.92,2.91,0.81
Station_B,2024-01-26,6.71,9.93,1.94,25.17,2.47,0.79
Station_B,2024-01-27,7.02,9.1,3.65,25.03,2.47,0.84
Station_B,2024-01-28,6.85,9.57,1.57,25.55,3.22,0.53
Station_B,2024-01-29,6.69,9.14,2.57,25.38,2.81,0.98
Station_B,2024-01-30,6.63,9.62,4.63,26.24,3.17,1.09
Station_B,2024-01-31,7.07,9.81,2.85,25.72,2.46,1.0
Station_B,2024-02-01,6.58,9.03,3.69,25.94,2.54,0.8
Station_B,2024-02-02,7.18,9.76,1.74,26.0,3.62,0.59
Station_B,2024-02-03,7.16,9.25,2.63,24.68,3.2,0.91
Station_B,2024-02-04,6.77,9.11,4.48,27.73,2.92,0.51
Station_B,2024-02-05,7.28,9.6,3.42,27.46,3.06,0.79
Station_B,2024-02-06,7.0,9.66,0.5,25.92,2.76,0.46
Station_B,2024-02-07,7.04,9.77,0.5,27.41,2.23,0.66
Station_B,2024-02-08,6.65,9.71,3.58,25.57,3.09,0.56
Station_B,2024-02-09,7.08,9.45,4.42,26.34,2.55,0.59
Station_B,2024-02-10,6.93,9.06,2.37,24.99,2.39,0.63
Station_B,2024-02-11,6.48,9.21,1.71,27.67,2.13,0.54
Station_B,2024-02-12,6.76,8.81,1.95,26.87,2.94,0.58
Station_B,2024-02-13,7.26,9.28,0.5,26.62,3.31,0.75
Station_B,2024-02-14,7.05,10.83,3.16,25.84,2.59,0.33
Station_B,2024-02-15,6.43,9.3,0.85,24.59,2.91,1.02
Station_B,2024-02-16,7.14,9.69,3.22,25.06,2.5,0.86
Station_B,2024-02-17,7.5,9.48,0.5,25.59,2.43,0.9
Station_B,2024-02-18,6.48,9.07,4.98,26.85,2.52,0.63
Station_B,2024-02-19,7.07,8.91,2.11,29.88,2.02,0.82
Station_B,2024-02-20,7.43,8.97,2.96,26.16,2.34,0.52
Station_B,2024-02-21,7.12,9.35,3.2,27.14,2.67,0.78
Station_B,2024-02-22,7.36,9.32,1.56,27.16,3.23,0.73
Station_B,2024-02-23,7.15,9.09,1.61,26.78,2.46,0.8
Station_B,2024-02-24,7.15,10.21,1.68,27.97,1.6,0.57
Station_B,2024-02-25,7.24,9.59,1.65,26.84,2.6,0.87
Station_B,2024-02-26,6.81,9.84,0.5,27.13,2.38,0.97
Station_B,2024-02-27,6.81,9.07,6.25,27.91,2.65,0.87
Station_B,2024-02-28,6.37,10.49,2.2,28.03,2.62,0.6
Station_B,2024-02-29,7.07,9.19,1.41,27.25,3.25,0.59
Station_B,2024-03-01,6.83,9.83,1.54,28.61,2.98,1.06
Station_B,2024-03-02,5.3,12.57,14.93,28.04,2.29,0.45
Station_B,2024-03-03,7.14,9.76,3.67,26.49,2.05,0.92
Station_B,2024-03-04,6.72,10.15,3.95,29.47,2.34,0.64
Station_B,2024-03-05,6.75,9.06,1.93,26.89,2.09,0.75
Station_B,2024-03-06,7.02,8.19,2.35,26.46,3.24,0.85
Station_B,2024-03-07,7.25,9.78,3.48,28.83,2.96,0.47
Station_B,2024-03-08,7.27,9.58,4.34,27.06,2.23,0.57
Station_B,2024-03-09,6.74,8.77,2.98,29.92,2.61,0.32
Station_B,2024-03-10,6.58,10.71,4.0,28.35,3.27,0.52
Station_B,2024-03-11,7.56,10.13,2.31,29.14,2.87,0.79
Station_B,2024-03-12,6.65,10.93,4.91,28.92,2.67,0.65
Station_B,2024-03-13,6.47,10.02,2.53,28.8,2.42,0.66
Station_B,2024-03-14,6.87,10.68,3.47,27.05,2.88,0.38
Station_B,2024-03-15,7.12,9.96,0.5,28.08,3.22,0.59
Station_B,2024-03-16,6.54,8.33,1.96,28.99,3.24,0.6
Station_B,2024-03-17,5.25,11.63,13.25,28.28,2.81,1.08
Station_B,2024-03-18,6.65,9.6,2.87,28.54,3.5,0.79
Station_B,2024-03-19,6.7,9.66,3.55,28.67,2.35,0.73
Station_B,2024-03-20,6.34,10.33,3.24,28.96,1.86,0.97
Station_B,2024-03-21,6.9,9.37,5.23,27.69,2.36,0.73
Station_B,2024-03-22,6.88,9.59,0.83,28.28,2.72,0.89
Station_B,2024-03-23,7.52,9.78,2.97,29.28,2.0,1.03
Station_B,2024-03-24,7.59,9.95,5.07,28.1,2.49,0.74
Station_B,2024-03-25,7.35,9.85,0.5,27.49,2.55,0.75
Station_B,2024-03-26,7.7,8.45,3.64,26.86,2.53,0.67
Station_B,2024-03-27,6.96,9.99,1.34,29.91,3.16,0.81
Station_B,2024-03-28,7.4,9.54,2.74,28.3,3.28,0.91
Station_B,2024-03-29,6.6,10.07,3.31,26.77,2.06,0.63
Station_B,2024-03-30,7.44,9.54,1.37,28.42,2.07,0.76
Station_B,2024-03-31,8.64,12.6,12.42,29.38,1.68,0.95
Station_B,2024-04-01,6.96,9.76,0.5,30.14,2.66,0.78
Station_B,2024-04-02,6.69,10.25,2.27,29.42,2.32,0.7
Station_B,2024-04-03,7.12,10.02,1.57,27.93,2.58,0.51
Station_B,2024-04-04,7.19,9.39,2.62,27.97,1.67,0.55
Station_B,2024-04-05,6.62,9.83,4.63,28.94,2.34,0.78
Station_B,2024-04-06,6.75,9.1,5.18,27.75,3.42,0.52
Station_B,2024-04-07,6.6,10.16,1.13,27.85,1.91,0.59
Station_B,2024-04-08,7.15,10.26,2.07,29.77,2.88,0.55
Station_B,2024-04-09,6.63,10.22,3.97,30.41,2.43,0.83
Station_B,2024-04-10,6.6,10.65,0.5,27.78,3.21,0.73
Station_B,2024-04-11,7.05,9.98,2.97,29.82,2.16,0.55
Station_B,2024-04-12,7.17,9.56,1.95,29.42,3.09,1.03
Station_B,2024-04-13,7.21,10.65,0.5,27.98,2.27,0.83
Station_B,2024-04-14,5.68,12.1,11.42,29.19,3.18,0.75
Station_B,2024-04-15,6.91,8.69,2.32,28.99,2.48,0.69
Station_B,2024-04-16,6.67,10.7,0.71,28.61,3.14,0.44
Station_B,2024-04-17,7.48,10.72,1.47,28.4,2.74,0.53
Station_B,2024-04-18,6.94,10.12,3.29,27.63,2.75,0.32
Station_B,2024-04-19,5.52,12.81,14.41,29.5,2.58,0.74
Station_B,2024-04-20,7.19,9.16,4.45,30.04,3.22,0.44
Station_B,2024-04-21,6.73,9.53,2.98,28.91,2.53,0.52
Station_B,2024-04-22,6.88,9.85,0.69,27.47,2.65,0.63
Station_B,2024-04-23,7.01,9.98,1.34,28.22,1.56,0.86
Station_B,2024-04-24,6.57,9.4,2.21,27.53,2.62,0.74
Station_B,2024-04-25,7.37,9.86,0.82,27.03,3.48,0.5
Station_B,2024-04-26,6.75,9.49,1.26,28.39,3.5,0.83
Station_B,2024-04-27,8.65,12.86,15.27,28.02,2.05,0.78
Station_B,2024-04-28,7.62,9.16,2.09,28.39,2.61,0.49
Station_B,2024-04-29,6.74,9.7,4.4,30.2,2.97,0.44
Station_B,2024-04-30,6.99,9.36,0.99,28.71,3.1,0.38
Station_B,2024-05-01,7.09,10.29,1.43,29.19,2.38,1.12
Station_B,2024-05-02,7.14,10.53,3.69,27.53,2.13,0.94
Station_B,2024-05-03,7.42,9.34,0.5,26.54,2.75,0.49
Station_B,2024-05-04,6.81,9.53,2.75,25.53,2.87,0.49
Station_B,2024-05-05,6.37,9.26,1.24,27.36,2.53,0.88
Station_B,2024-05-06,6.78,10.57,1.84,27.72,2.84,0.72
Station_B,2024-05-07,7.72,9.32,0.5,28.97,2.22,0.62
Station_B,2024-05-08,7.14,9.21,5.88,28.61,2.74,0.9
Station_B,2024-05-09,7.05,10.26,2.82,26.57,2.54,0.85
Station_B,2024-05-10,6.97,9.52,5.59,25.91,2.89,0.99
Station_B,2024-05-11,6.98,9.13,4.28,27.66,2.29,0.87
Station_B,2024-05-12,7.12,8.27,3.66,27.29,2.53,1.1
Station_B,2024-05-13,6.81,9.94,2.37,26.02,2.01,1.0
Station_B,2024-05-14,7.24,9.61,0.69,26.49,2.34,0.67
Station_B,2024-05-15,7.09,10.1,4.34,26.39,3.27,0.73
Station_B,2024-05-16,7.13,10.16,3.42,26.78,3.77,0.87
Station_B,2024-05-17,7.32,10.44,4.73,27.36,1.87,0.72
Station_B,2024-05-18,6.96,9.06,2.05,26.32,2.4,0.44
Station_B,2024-05-19,7.08,8.2,0.5,26.31,2.54,0.73
Station_B,2024-05-20,7.5,10.39,2.87,27.6,2.73,0.42
Station_B,2024-05-21,6.84,9.83,0.5,26.62,2.8,0.72
Station_B,2024-05-22,7.28,8.36,4.36,27.8,2.49,0.17
Station_B,2024-05-23,7.02,9.65,1.26,27.47,1.94,0.58
Station_B,2024-05-24,7.14,9.12,3.4,28.19,3.05,0.68
Station_B,2024-05-25,6.72,8.71,3.39,25.82,2.39,0.81
Station_B,2024-05-26,7.09,9.32,3.38,25.55,3.25,0.51
Station_B,2024-05-27,7.35,9.48,3.14,26.28,2.72,0.62
Station_B,2024-05-28,7.37,8.22,3.39,23.42,2.16,1.02
Station_B,2024-05-29,7.4,8.73,0.5,25.31,3.21,0.34
Station_B,2024-05-30,8.46,5.68,15.78,27.34,2.98,0.53
Station_B,2024-05-31,7.09,10.01,3.95,24.57,3.33,0.75
Station_B,2024-06-01,6.91,10.49,2.04,24.95,3.54,0.39
Station_B,2024-06-02,6.44,9.24,3.59,25.59,2.58,0.43
Station_B,2024-06-03,8.75,13.3,13.5,22.87,2.62,0.7
Station_B,2024-06-04,7.27,9.31,4.51,25.68,3.42,0.6
Station_B,2024-06-05,6.61,9.35,1.38,24.56,2.23,0.48
Station_B,2024-06-06,6.52,10.12,1.54,25.3,1.89,0.71
Station_B,2024-06-07,7.36,8.98,4.23,25.61,3.79,0.39
Station_B,2024-06-08,7.13,9.26,3.61,24.55,2.5,0.78
Station_B,2024-06-09,7.61,9.14,3.81,24.02,2.25,0.91
Station_B,2024-06-10,7.16,9.22,4.14,24.02,3.02,0.9
Station_B,2024-06-11,6.7,8.97,4.42,25.52,1.95,0.76
Station_B,2024-06-12,6.78,8.2,4.57,25.29,2.39,0.41
Station_B,2024-06-13,7.17,8.76,2.28,25.17,2.85,0.74
Station_B,2024-06-14,6.54,8.48,2.6,23.6,2.49,0.6
Station_B,2024-06-15,7.07,9.15,3.81,23.8,2.84,0.8
Station_B,2024-06-16,7.09,9.1,0.93,25.36,3.75,0.69
Station_B,2024-06-17,6.88,8.65,3.19,24.34,3.24,0.44
Station_B,2024-06-18,7.24,8.78,3.24,23.2,3.06,0.92
Station_B,2024-06-19,6.97,9.01,2.74,23.67,3.23,0.67
Station_B,2024-06-20,7.09,8.79,0.62,23.93,2.68,1.05
Station_B,2024-06-21,7.37,8.87,3.43,24.46,3.25,0.9
Station_B,2024-06-22,7.1,9.23,2.3,22.59,2.68,0.73
Station_B,2024-06-23,6.72,8.49,2.42,23.72,2.38,0.96
Station_B,2024-06-24,7.0,8.76,2.54,23.54,1.95,0.44
Station_B,2024-06-25,7.29,8.8,7.5,25.52,2.55,0.67
Station_B,2024-06-26,6.53,9.73,4.73,22.73,2.89,0.59
Station_B,2024-06-27,6.63,7.68,3.92,22.18,1.63,0.72
Station_B,2024-06-28,8.49,11.83,12.29,23.52,1.93,0.61
Station_B,2024-06-29,7.13,9.15,2.86,22.51,2.58,0.84
Station_B,2024-06-30,7.84,11.88,14.78,21.22,2.35,0.76
Station_B,2024-07-01,7.37,8.55,1.59,20.62,2.69,1.1
Station_B,2024-07-02,6.93,9.51,2.62,22.79,2.76,0.36
Station_B,2024-07-03,5.2,12.39,13.63,21.83,3.14,0.59
Station_B,2024-07-04,6.76,8.34,0.5,22.75,1.72,0.44
Station_B,2024-07-05,6.99,9.16,1.55,21.87,2.11,0.48
Station_B,2024-07-06,7.13,8.41,3.11,21.19,2.73,0.95
Station_B,2024-07-07,6.93,8.78,4.99,22.04,2.32,0.51
Station_B,2024-07-08,6.57,7.85,0.81,22.03,2.19,0.79
Station_B,2024-07-09,7.42,8.64,3.82,23.07,2.72,0.45
Station_B,2024-07-10,6.61,7.72,2.06,21.54,2.44,0.45
Station_B,2024-07-11,7.11,8.33,4.6,21.0,3.24,0.39
Station_B,2024-07-12,7.35,8.83,2.33,20.94,3.16,0.41
Station_B,2024-07-13,7.08,8.03,1.97,22.55,2.5,0.62
Station_B,2024-07-14,7.28,7.87,5.05,22.09,3.18,0.6
Station_B,2024-07-15,7.41,8.46,2.14,21.96,2.08,0.92
Station_B,2024-07-16,6.57,8.81,1.55,20.87,2.41,0.53
Station_B,2024-07-17,6.67,8.48,3.34,20.75,2.97,0.53
Station_B,2024-07-18,7.03,8.98,0.55,21.02,2.09,0.39
Station_B,2024-07-19,7.11,8.4,3.56,22.28,2.52,0.36
Station_B,2024-07-20,7.08,8.54,0.5,19.78,2.61,0.8
Station_B,2024-07-21,7.2,8.31,4.9,20.97,2.37,0.9
Station_B,2024-07-22,6.87,8.92,4.72,21.18,2.85,0.77
Station_B,2024-07-23,6.95,8.12,1.8,22.32,2.27,0.95
Station_B,2024-07-24,7.17,8.02,0.51,20.5,3.14,0.52
Station_B,2024-07-25,6.73,7.08,2.72,21.14,2.13,0.86
Station_B,2024-07-26,6.91,8.19,4.07,20.56,2.05,0.72
Station_B,2024-07-27,7.45,8.67,0.5,20.87,2.35,0.73
Station_B,2024-07-28,6.89,7.94,3.2,21.14,2.34,0.21
Station_B,2024-07-29,7.25,8.13,2.78,19.67,2.47,0.76
Station_B,2024-07-30,5.65,4.88,15.91,20.3,2.35,0.57
Station_B,2024-07-31,7.33,8.37,1.53,21.53,2.66,0.84
Station_B,2024-08-01,6.88,7.91,6.36,20.8,2.06,0.76
Station_B,2024-08-02,7.1,8.29,3.17,19.65,2.89,0.98
Station_B,2024-08-03,7.33,8.99,2.26,21.87,1.61,0.76
Station_B,2024-08-04,7.16,7.95,5.52,18.51,1.79,0.6
Station_B,2024-08-05,8.66,11.11,12.64,20.02,3.23,0.52
Station_B,2024-08-06,7.17,8.08,2.68,18.85,2.59,1.03
Station_B,2024-08-07,7.0,8.42,0.58,19.63,1.29,0.56
Station_B,2024-08-08,6.78,7.86,5.0,18.98,2.7,0.55
Station_B,2024-08-09,6.97,7.86,1.91,19.57,2.38,0.67
Station_B,2024-08-10,7.5,9.06,0.78,17.67,2.5,0.53
Station_B,2024-08-11,7.47,8.53,3.93,17.3,2.06,0.12
Station_B,2024-08-12,6.7,7.54,3.94,18.61,3.1,1.13
Station_B,2024-08-13,7.27,7.89,3.68,21.37,2.59,0.77
Station_B,2024-08-14,7.06,7.82,2.82,19.19,2.75,0.49
Station_B,2024-08-15,7.28,7.96,3.76,18.69,2.16,0.75
Station_B,2024-08-16,7.22,8.63,1.26,17.76,2.56,1.01
Station_B,2024-08-17,6.86,8.11,2.09,16.26,2.44,0.63
Station_B,2024-08-18,6.87,8.78,2.09,18.25,2.61,0.59
Station_B,2024-08-19,7.25,8.07,4.34,17.74,2.09,0.97
Station_B,2024-08-20,6.72,7.41,4.16,18.83,2.96,0.85
Station_B,2024-08-21,6.54,7.62,4.66,18.88,2.61,0.74
Station_B,2024-08-22,7.31,7.9,1.62,16.84,2.34,0.97
Station_B,2024-08-23,7.48,7.8,2.27,15.98,2.41,0.48
Station_B,2024-08-24,7.03,7.66,5.16,18.81,3.49,0.55
Station_B,2024-08-25,6.92,7.97,4.24,19.02,2.58,0.61
Station_B,2024-08-26,7.01,6.6,3.02,18.17,3.31,0.76
Station_B,2024-08-27,6.54,6.63,3.21,17.53,2.38,0.74
Station_B,2024-08-28,6.76,7.92,0.5,18.89,2.51,0.75
Station_B,2024-08-29,6.8,7.97,2.65,18.0,2.5,0.32
Station_B,2024-08-30,6.71,7.62,2.04,16.74,2.56,0.99
Station_B,2024-08-31,6.85,7.43,2.37,17.91,2.63,0.75
Station_B,2024-09-01,6.96,8.39,1.17,18.35,2.59,0.47
Station_B,2024-09-02,6.87,7.86,3.23,17.58,3.28,0.2
Station_B,2024-09-03,7.26,7.76,2.17,18.0,2.98,0.73
Station_B,2024-09-04,6.09,8.16,3.0,16.13,2.15,0.5
Station_B,2024-09-05,6.75,7.95,2.32,16.01,1.79,0.7
Station_B,2024-09-06,5.41,10.59,13.83,15.28,2.66,0.8
Station_B,2024-09-07,7.55,7.62,3.12,15.29,1.44,0.86
Station_B,2024-09-08,7.74,7.83,3.0,15.54,2.71,1.08
Station_B,2024-09-09,6.52,8.52,1.72,17.53,1.86,0.45
Station_B,2024-09-10,6.97,8.59,3.17,18.35,3.18,0.58
Station_B,2024-09-11,7.0,7.06,2.88,19.15,2.89,0.68
Station_B,2024-09-12,7.31,7.93,5.08,17.54,2.26,0.64
Station_B,2024-09-13,7.29,7.68,3.77,16.6,2.61,0.79
Station_B,2024-09-14,7.58,7.95,4.04,15.96,1.85,0.45
Station_B,2024-09-15,6.38,7.76,1.73,15.87,2.6,0.76
Station_B,2024-09-16,7.08,7.83,3.8,15.7,3.02,1.0
Station_B,2024-09-17,8.35,4.9,14.9,17.39,2.89,0.6
Station_B,2024-09-18,6.55,7.7,4.44,15.24,2.11,0.71
Station_B,2024-09-19,6.77,7.46,5.11,16.03,2.35,0.44
Station_B,2024-09-20,6.8,8.16,2.34,16.26,2.66,0.34
Station_B,2024-09-21,7.02,7.85,4.72,15.67,2.44,0.66
Station_B,2024-09-22,6.99,7.74,4.46,15.62,2.26,0.9
Station_B,2024-09-23,6.85,6.89,4.03,17.78,3.18,1.01
Station_B,2024-09-24,7.13,7.46,0.5,17.18,1.61,0.63
Station_B,2024-09-25,7.04,8.26,3.12,18.94,1.66,0.67
Station_B,2024-09-26,6.38,7.81,2.26,14.98,2.84,0.83
Station_B,2024-09-27,7.19,8.07,2.02,16.94,3.16,0.78
Station_B,2024-09-28,6.81,8.83,1.84,16.68,2.3,0.73
Station_B,2024-09-29,7.11,6.88,3.24,15.87,2.39,0.78
Station_B,2024-09-30,6.28,8.8,3.08,15.87,2.72,0.72
Station_B,2024-10-01,6.87,7.47,3.5,16.5,3.2,0.76
Station_B,2024-10-02,7.09,7.52,3.89,15.29,2.19,0.5
Station_B,2024-10-03,7.22,8.04,4.63,17.97,2.81,0.52
Station_B,2024-10-04,6.95,8.21,2.46,16.28,2.91,0.86
Station_B,2024-10-05,6.96,7.47,3.8,16.61,1.94,0.9
Station_B,2024-10-06,6.89,6.68,4.69,15.59,3.27,0.88
Station_B,2024-10-07,6.76,7.6,2.15,16.8,3.14,0.74
Station_B,2024-10-08,6.46,6.68,2.97,16.14,2.36,0.83
Station_B,2024-10-09,7.08,7.0,2.31,17.9,2.94,0.28
Station_B,2024-10-10,8.64,11.55,11.89,16.24,3.21,0.75
Station_B,2024-10-11,5.87,4.94,10.9,15.42,1.86,0.82
Station_B,2024-10-12,7.35,8.73,3.9,17.94,2.35,0.46
Station_B,2024-10-13,7.11,7.4,0.91,17.27,3.57,0.94
Station_B,2024-10-14,7.24,8.07,1.94,17.58,1.94,0.9
Station_B,2024-10-15,7.01,7.58,3.41,16.03,2.37,0.56
Station_B,2024-10-16,7.12,7.53,3.95,16.88,2.84,0.5
Station_B,2024-10-17,7.13,7.38,4.83,17.45,2.38,0.32
Station_B,2024-10-18,6.7,7.15,0.5,17.35,2.53,0.77
Station_B,2024-10-19,7.08,7.46,2.56,17.46,2.71,0.77
Station_B,2024-10-20,6.81,7.37,2.37,16.09,2.43,0.76
Station_B,2024-10-21,6.65,8.12,4.65,15.78,3.63,0.77
Station_B,2024-10-22,6.57,8.24,2.55,16.53,2.72,0.88
Station_B,2024-10-23,7.32,8.46,1.0,17.91,2.55,0.72
Station_B,2024-10-24,6.93,8.25,1.07,19.1,1.73,0.57
Station_B,2024-10-25,7.03,7.82,1.3,18.05,2.57,0.64
Station_B,2024-10-26,7.41,8.3,3.94,16.28,2.6,0.63
Station_B,2024-10-27,7.07,7.74,3.68,16.08,3.45,0.37
Station_B,2024-10-28,7.23,7.61,3.91,16.11,3.36,0.69
Station_B,2024-10-29,6.84,7.48,2.21,16.89,2.41,0.92
Station_B,2024-10-30,6.64,8.82,1.78,18.27,2.74,0.49
Station_B,2024-10-31,7.36,7.92,5.3,17.03,2.25,0.8
Station_B,2024-11-01,6.81,8.03,3.45,15.37,2.63,0.72
Station_B,2024-11-02,7.4,7.78,4.02,17.83,3.5,0.39
Station_B,2024-11-03,6.66,7.82,2.11,18.15,2.98,0.52
Station_B,2024-11-04,8.12,10.97,12.23,18.75,2.36,0.77
Station_B,2024-11-05,6.64,9.11,2.27,17.78,3.47,0.57
Station_B,2024-11-06,6.72,8.37,3.17,19.1,2.31,0.54
Station_B,2024-11-07,6.9,8.59,3.53,17.5,2.34,1.08
Station_B,2024-11-08,7.15,7.39,0.5,15.13,3.05,0.72
Station_B,2024-11-09,7.52,7.82,2.28,20.67,2.56,0.41
Station_B,2024-11-10,6.92,8.34,2.7,18.72,2.99,1.12
Station_B,2024-11-11,6.75,7.91,1.27,20.27,2.29,0.83
Station_B,2024-11-12,7.21,7.97,1.67,19.9,2.21,0.7
Station_B,2024-11-13,6.62,8.54,1.25,18.51,2.01,0.84
Station_B,2024-11-14,7.2,8.62,3.92,18.63,2.52,0.57
Station_B,2024-11-15,7.26,8.65,1.62,17.7,2.31,0.37
Station_B,2024-11-16,6.97,8.22,4.06,19.05,2.54,0.65
Station_B,2024-11-17,6.85,8.17,0.5,19.56,3.28,0.56
Station_B,2024-11-18,7.16,8.06,4.74,18.19,3.12,0.68
Station_B,2024-11-19,7.14,8.41,3.48,18.2,2.41,0.84
Station_B,2024-11-20,6.21,5.74,13.72,18.94,3.14,0.79
Station_B,2024-11-21,6.97,6.57,2.95,18.42,3.44,0.69
Station_B,2024-11-22,7.11,7.69,2.83,18.88,2.1,0.76
Station_B,2024-11-23,6.75,8.2,0.58,19.78,2.9,0.79
Station_B,2024-11-24,6.06,8.26,1.8,19.54,3.64,1.1
Station_B,2024-11-25,7.32,8.09,2.28,18.84,2.37,0.75
Station_B,2024-11-26,7.35,7.93,3.62,18.07,3.03,0.5
Station_B,2024-11-27,6.69,8.37,0.86,19.16,3.15,0.85
Station_B,2024-11-28,7.4,8.27,2.67,20.24,2.66,0.82
Station_B,2024-11-29,6.98,8.87,0.99,16.42,2.78,0.75
Station_B,2024-11-30,6.96,7.24,0.5,20.1,2.61,0.98
Station_B,2024-12-01,6.91,8.1,2.46,20.04,2.56,0.44
Station_B,2024-12-02,6.98,8.25,5.86,21.7,2.26,0.28
Station_B,2024-12-03,6.57,7.98,2.24,18.36,2.27,0.82
Station_B,2024-12-04,6.97,8.18,1.62,21.2,1.94,0.75
Station_B,2024-12-05,7.08,8.24,4.61,19.27,2.95,0.63
Station_B,2024-12-06,6.98,7.72,3.65,20.04,1.78,0.76
Station_B,2024-12-07,7.25,7.8,3.51,20.95,1.68,0.71
Station_B,2024-12-08,6.74,7.69,3.0,22.03,2.54,0.51
Station_B,2024-12-09,7.34,8.69,0.5,19.99,2.36,0.79
Station_B,2024-12-10,7.69,8.33,2.8,21.24,2.32,0.7
Station_B,2024-12-11,7.25,8.93,2.83,20.58,2.4,0.52
Station_B,2024-12-12,6.58,8.12,0.5,20.51,2.37,0.72
Station_B,2024-12-13,7.91,9.17,0.77,21.15,2.33,0.49
Station_B,2024-12-14,6.9,8.39,3.51,21.63,2.27,0.61
Station_B,2024-12-15,7.29,9.21,1.35,21.59,2.95,0.59
Station_B,2024-12-16,7.05,8.33,3.76,21.04,2.29,0.74
Station_B,2024-12-17,6.74,7.95,1.78,21.19,2.11,0.69
Station_B,2024-12-18,7.35,8.25,1.98,21.79,1.95,0.4
Station_B,2024-12-19,7.18,9.06,1.89,20.36,2.77,0.52
Station_B,2024-12-20,7.39,7.68,2.8,22.47,2.43,0.46
Station_B,2024-12-21,7.4,9.27,5.13,22.02,2.93,0.97
Station_B,2024-12-22,5.69,12.09,12.52,20.96,2.39,0.49
Station_B,2024-12-23,7.63,9.11,4.09,22.39,2.46,0.63
Station_B,2024-12-24,6.99,9.29,4.11,20.63,2.93,0.65
Station_B,2024-12-25,7.65,9.3,0.74,22.92,3.15,0.61
Station_B,2024-12-26,7.06,9.34,3.82,23.2,2.8,0.41
Station_B,2024-12-27,7.13,8.69,0.93,22.18,2.9,0.66
Station_B,2024-12-28,6.79,8.63,1.22,23.56,2.49,0.98
Station_B,2024-12-29,6.82,9.42,0.5,21.59,2.86,0.24
Station_B,2024-12-30,7.11,7.67,0.84,23.53,2.78,0.66
Station_C,2024-01-01,6.88,7.85,0.86,18.88,3.19,0.95
Station_C,2024-01-02,7.32,7.55,1.54,20.93,2.14,0.53
Station_C,2024-01-03,7.48,8.64,1.71,22.72,2.95,0.53
Station_C,2024-01-04,7.56,8.38,2.19,21.36,3.08,0.49
Station_C,2024-01-05,7.09,8.28,3.18,21.63,2.8,0.63
Station_C,2024-01-06,7.02,7.25,5.59,20.57,2.52,0.5
Station_C,2024-01-07,7.22,8.56,2.94,21.71,3.15,0.77
Station_C,2024-01-08,7.73,7.74,4.61,22.39,3.29,0.25
Station_C,2024-01-09,7.53,7.84,2.15,20.31,2.71,0.21
Station_C,2024-01-10,7.3,8.29,2.69,21.94,2.43,0.37
Station_C,2024-01-11,7.36,7.94,0.5,21.87,2.09,0.34
Station_C,2024-01-12,7.09,8.95,2.14,22.7,2.45,0.55
Station_C,2024-01-13,6.85,8.61,4.56,23.16,3.81,0.61
Station_C,2024-01-14,6.78,8.25,2.3,21.54,3.52,1.06
Station_C,2024-01-15,6.86,8.19,3.98,22.9,3.35,0.54
Station_C,2024-01-16,6.66,9.07,2.0,22.47,3.48,0.37
Station_C,2024-01-17,7.32,7.93,2.26,22.24,3.39,0.83
Station_C,2024-01-18,7.15,8.29,2.78,23.21,2.52,0.6
Station_C,2024-01-19,7.15,7.77,5.68,22.77,3.36,0.59
Station_C,2024-01-20,7.58,7.99,0.5,24.02,2.35,0.5
Station_C,2024-01-21,8.48,4.83,11.2,23.91,3.01,0.43
Station_C,2024-01-22,7.25,8.65,1.67,23.54,3.3,0.68
Station_C,2024-01-23,6.6,8.35,2.9,24.22,2.69,0.46
Station_C,2024-01-24,6.95,8.87,2.46,24.79,3.44,0.36
Station_C,2024-01-25,7.76,7.93,2.95,23.15,2.6,0.59
Station_C,2024-01-26,8.23,5.38,10.5,23.1,4.31,0.72
Station_C,2024-01-27,6.81,9.09,0.69,23.32,2.46,0.64
Station_C,2024-01-28,7.24,9.31,0.5,22.11,2.98,0.59
Station_C,2024-01-29,7.22,8.54,0.99,22.66,3.53,0.63
Station_C,2024-01-30,6.97,8.54,0.8,25.87,2.72,0.58
Station_C,2024-01-31,7.01,9.17,0.84,22.71,3.26,0.72
Station_C,2024-02-01,6.98,8.21,2.4,25.09,4.23,0.76
Station_C,2024-02-02,7.11,9.18,3.26,24.47,3.42,0.51
Station_C,2024-02-03,7.16,8.24,1.4,23.3,3.93,0.59
Station_C,2024-02-04,6.96,7.24,4.16,24.75,3.26,0.5
Station_C,2024-02-05,7.62,8.78,0.59,24.41,3.19,1.0
Station_C,2024-02-06,7.28,8.4,0.98,24.92,3.83,0.53
Station_C,2024-02-07,7.37,8.54,1.28,23.27,3.45,0.68
Station_C,2024-02-08,6.96,8.97,1.36,24.24,2.27,0.49
Station_C,2024-02-09,6.95,8.21,0.5,27.02,3.66,0.44
Station_C,2024-02-10,6.85,9.18,1.19,25.54,2.86,0.42
Station_C,2024-02-11,6.68,8.97,4.11,27.74,2.44,0.73
Station_C,2024-02-12,7.41,8.07,3.09,23.15,3.38,0.38
Station_C,2024-02-13,7.56,8.84,0.5,26.67,2.74,0.77
Station_C,2024-02-14,6.87,9.34,1.6,23.51,4.04,0.7
Station_C,2024-02-15,7.01,8.5,3.46,26.0,2.91,0.81
Station_C,2024-02-16,6.63,8.49,3.64,24.78,3.99,0.3
Station_C,2024-02-17,6.88,8.55,0.5,25.37,2.94,0.7
Station_C,2024-02-18,7.27,8.74,2.44,24.7,3.0,0.82
Station_C,2024-02-19,5.42,5.81,12.89,23.98,2.77,0.54
Station_C,2024-02-20,7.15,9.31,1.02,25.3,2.78,0.43
Station_C,2024-02-21,7.21,8.57,1.06,25.53,3.21,0.77
Station_C,2024-02-22,6.57,8.45,1.68,27.6,2.9,0.15
Station_C,2024-02-23,7.42,8.29,2.79,26.34,3.68,0.63
Station_C,2024-02-24,6.59,8.3,0.5,25.78,3.01,0.61
Station_C,2024-02-25,6.87,8.79,1.82,25.78,1.83,0.33
Station_C,2024-02-26,6.93,9.57,0.5,25.04,2.49,0.58
Station_C,2024-02-27,7.03,9.71,2.85,26.24,2.78,0.7
Station_C,2024-02-28,6.8,9.64,3.44,26.3,3.71,0.29
Station_C,2024-02-29,6.97,8.15,5.44,25.21,3.58,0.3
Station_C,2024-03-01,7.15,9.18,0.5,26.7,2.44,0.51
Station_C,2024-03-02,7.08,9.12,2.49,25.71,3.49,0.51
Station_C,2024-03-03,6.92,8.57,1.03,27.36,2.68,0.72
Station_C,2024-03-04,7.28,8.81,0.71,26.14,1.5,0.75
Station_C,2024-03-05,7.02,9.17,3.62,26.56,2.65,0.24
Station_C,2024-03-06,6.68,9.25,2.8,26.98,1.74,0.49
Station_C,2024-03-07,6.9,8.54,0.9,26.12,3.42,0.55
Station_C,2024-03-08,7.28,8.8,5.17,27.85,2.99,0.49
Station_C,2024-03-09,7.37,9.57,1.23,26.47,2.52,0.55
Station_C,2024-03-10,6.48,8.74,2.16,28.37,3.52,0.47
Station_C,2024-03-11,6.98,8.95,4.45,27.2,2.85,0.49
Station_C,2024-03-12,6.29,8.24,3.11,24.72,3.63,0.8
Station_C,2024-03-13,6.36,9.27,2.38,27.32,2.68,0.51
Station_C,2024-03-14,7.5,8.3,0.5,26.78,2.72,0.62
Station_C,2024-03-15,6.42,9.7,3.23,27.48,3.12,0.31
Station_C,2024-03-16,8.67,6.05,11.23,25.22,2.43,0.57
Station_C,2024-03-17,6.84,8.52,4.87,27.86,2.91,0.73
Station_C,2024-03-18,7.23,9.23,0.5,25.52,2.67,0.46
Station_C,2024-03-19,6.89,9.35,2.2,25.66,2.85,0.7
Station_C,2024-03-20,8.96,11.55,14.15,27.28,2.96,1.09
Station_C,2024-03-21,6.76,8.75,0.5,28.04,3.88,0.93
Station_C,2024-03-22,6.92,9.3,4.72,24.79,3.6,0.72
Station_C,2024-03-23,6.79,9.14,1.92,27.76,3.01,0.3
Station_C,2024-03-24,7.31,8.96,0.5,24.01,3.14,0.54
Station_C,2024-03-25,8.59,12.28,13.81,27.84,3.17,0.39
Station_C,2024-03-26,6.97,8.75,0.71,25.2,2.7,0.63
Station_C,2024-03-27,7.17,8.3,3.44,29.2,2.62,0.83
Station_C,2024-03-28,6.88,7.57,3.96,28.71,2.76,0.54
Station_C,2024-03-29,8.64,6.19,11.67,26.29,3.62,0.66
Station_C,2024-03-30,6.64,9.29,2.91,26.85,3.85,0.47
Station_C,2024-03-31,6.7,8.75,3.52,27.22,3.37,0.94
Station_C,2024-04-01,7.11,8.42,1.83,28.15,2.65,0.58
Station_C,2024-04-02,7.19,8.87,1.7,25.4,2.57,0.69
Station_C,2024-04-03,7.26,9.14,4.41,28.29,3.21,0.5
Station_C,2024-04-04,7.12,9.09,1.0,27.88,4.08,0.39
Station_C,2024-04-05,6.98,9.21,2.29,28.48,2.07,0.51
Station_C,2024-04-06,6.89,9.72,4.35,28.09,2.95,0.61
Station_C,2024-04-07,6.57,8.79,2.02,25.52,2.9,0.77
Station_C,2024-04-08,7.06,8.47,2.19,25.65,2.79,0.3
Station_C,2024-04-09,6.86,9.29,2.42,27.86,3.06,0.11
Station_C,2024-04-10,6.88,10.34,0.5,27.12,3.13,0.86
Station_C,2024-04-11,7.03,9.18,2.26,25.96,2.75,0.44
Station_C,2024-04-12,7.45,8.67,0.5,26.89,3.07,0.24
Station_C,2024-04-13,7.43,9.92,2.6,27.18,2.77,0.52
Station_C,2024-04-14,7.05,9.22,2.14,26.8,3.07,0.47
Station_C,2024-04-15,7.78,8.64,2.74,27.84,3.68,0.54
Station_C,2024-04-16,7.1,8.39,3.46,27.36,3.24,0.51
Station_C,2024-04-17,8.51,6.09,11.75,27.58,2.72,0.61
Station_C,2024-04-18,6.59,8.71,3.03,25.87,2.88,0.11
Station_C,2024-04-19,7.12,8.87,1.96,26.91,3.55,0.55
Station_C,2024-04-20,7.14,8.72,4.12,28.79,2.42,0.7
Station_C,2024-04-21,6.55,9.06,1.6,27.0,3.03,0.4
Station_C,2024-04-22,6.4,8.77,0.82,27.1,2.21,0.49
Station_C,2024-04-23,6.92,9.29,2.22,27.24,2.55,0.31
Station_C,2024-04-24,6.86,9.85,0.5,29.52,2.84,0.63
Station_C,2024-04-25,7.29,8.44,2.64,25.34,3.26,0.52
Station_C,2024-04-26,6.42,8.98,3.45,25.33,3.38,0.6
Station_C,2024-04-27,7.05,9.81,0.5,26.65,2.23,0.09
Station_C,2024-04-28,7.03,9.05,2.17,25.92,2.41,0.62
Station_C,2024-04-29,7.17,8.7,1.56,28.28,3.63,0.62
Station_C,2024-04-30,7.04,7.65,0.5,26.74,3.18,0.73
Station_C,2024-05-01,7.14,8.39,0.5,27.04,2.63,0.63
Station_C,2024-05-02,9.13,12.1,11.2,26.03,3.97,0.4
Station_C,2024-05-03,6.55,8.93,2.65,26.92,3.37,0.95
Station_C,2024-05-04,6.71,8.48,2.71,25.0,2.29,0.17
Station_C,2024-05-05,7.06,9.42,0.5,26.55,2.59,0.72
Station_C,2024-05-06,6.66,7.86,0.5,25.56,2.89,0.46
Station_C,2024-05-07,6.71,9.23,0.5,25.84,2.96,0.63
Station_C,2024-05-08,6.88,8.55,1.22,26.17,3.22,0.41
Station_C,2024-05-09,7.22,9.61,3.35,24.63,3.09,0.39
Station_C,2024-05-10,7.28,7.97,0.5,27.5,2.67,0.42
Station_C,2024-05-11,7.29,8.59,0.5,24.32,3.59,0.52
Station_C,2024-05-12,6.61,9.24,2.23,26.79,3.0,0.09
Station_C,2024-05-13,6.48,8.35,1.9,24.53,1.76,0.57
Station_C,2024-05-14,7.23,8.63,4.06,25.96,2.92,0.41
Station_C,2024-05-15,7.4,8.77,1.58,25.97,3.29,0.99
Station_C,2024-05-16,7.27,8.69,0.5,24.55,3.37,0.62
Station_C,2024-05-17,7.15,8.19,1.33,26.19,3.41,0.46
Station_C,2024-05-18,7.11,7.47,4.69,25.71,3.65,0.28
Station_C,2024-05-19,7.7,8.97,1.65,24.99,2.89,0.51
Station_C,2024-05-20,7.23,9.02,1.27,26.28,2.2,0.29
Station_C,2024-05-21,7.12,8.26,3.23,24.51,3.17,0.61
Station_C,2024-05-22,6.94,9.6,0.96,27.06,3.06,0.32
Station_C,2024-05-23,7.26,8.96,1.02,25.2,3.04,0.95
Station_C,2024-05-24,7.28,7.47,2.85,24.15,3.86,0.72
Station_C,2024-05-25,7.38,9.14,2.32,23.67,2.62,0.94
Station_C,2024-05-26,6.84,8.54,2.83,24.23,3.31,0.65
Station_C,2024-05-27,7.36,7.89,2.64,23.3,2.9,0.72
Station_C,2024-05-28,7.22,7.9,0.5,23.82,2.57,0.48
Station_C,2024-05-29,6.65,8.18,0.5,23.82,3.59,0.55
Station_C,2024-05-30,7.22,8.03,5.44,24.47,2.96,0.78
Station_C,2024-05-31,7.05,9.27,0.5,25.16,2.98,0.53
Station_C,2024-06-01,6.49,8.14,0.5,23.67,3.29,0.41
Station_C,2024-06-02,6.89,7.9,1.1,24.16,3.33,0.74
Station_C,2024-06-03,7.36,9.01,5.48,23.56,3.09,0.51
Station_C,2024-06-04,6.4,8.39,3.47,22.48,3.41,0.67
Station_C,2024-06-05,7.18,9.12,2.29,24.76,4.36,0.71
Station_C,2024-06-06,7.77,8.65,0.81,23.6,3.42,0.76
Station_C,2024-06-07,7.34,8.09,3.04,22.03,3.13,0.68
Station_C,2024-06-08,5.26,11.97,13.28,24.73,2.82,0.56
Station_C,2024-06-09,7.14,9.09,0.5,22.69,2.66,0.57
Station_C,2024-06-10,7.16,8.27,3.29,23.35,2.96,0.42
Station_C,2024-06-11,7.57,9.54,3.24,23.39,3.35,0.37
Station_C,2024-06-12,6.74,8.43,0.83,24.12,4.21,0.42
Station_C,2024-06-13,6.82,8.77,0.74,23.41,2.66,0.67
Station_C,2024-06-14,7.32,7.8,3.0,22.52,2.98,0.62
Station_C,2024-06-15,7.02,7.82,3.6,24.03,2.32,0.76
Station_C,2024-06-16,7.17,7.92,4.98,22.7,2.64,0.36
Station_C,2024-06-17,7.09,8.18,0.5,23.72,1.97,0.56
Station_C,2024-06-18,7.1,7.97,0.5,22.72,3.98,0.41
Station_C,2024-06-19,6.93,7.83,1.1,22.02,3.2,0.48
Station_C,2024-06-20,7.03,7.66,2.31,20.7,3.11,0.77
Station_C,2024-06-21,6.68,7.22,1.63,23.87,3.39,0.21
Station_C,2024-06-22,6.96,7.43,2.68,21.79,2.96,0.35
Station_C,2024-06-23,6.8,8.84,2.47,23.01,2.67,0.57
Station_C,2024-06-24,7.2,8.64,2.14,23.13,3.58,0.38
Station_C,2024-06-25,7.07,7.09,0.5,20.16,2.78,0.52
Station_C,2024-06-26,6.91,7.47,5.61,23.51,2.46,0.91
Station_C,2024-06-27,7.73,7.07,1.42,22.1,2.24,0.41
Station_C,2024-06-28,7.08,7.39,1.78,22.81,3.64,0.58
Station_C,2024-06-29,6.57,7.94,2.47,22.3,2.68,0.42
Station_C,2024-06-30,7.16,7.77,1.9,18.74,2.93,0.79
Station_C,2024-07-01,7.31,7.38,4.83,20.07,2.61,0.7
Station_C,2024-07-02,6.9,8.17,2.98,21.67,2.19,0.79
Station_C,2024-07-03,7.09,7.37,0.5,22.02,1.92,0.51
Station_C,2024-07-04,6.78,7.72,4.3,21.59,2.96,0.65
Station_C,2024-07-05,5.62,10.55,15.23,21.07,2.9,0.64
Station_C,2024-07-06,6.84,7.66,5.76,19.85,3.0,0.5
Station_C,2024-07-07,6.71,7.86,2.35,20.7,3.5,0.79
Station_C,2024-07-08,7.28,7.3,1.7,18.95,3.37,0.72
Station_C,2024-07-09,7.23,8.02,0.5,20.98,2.57,0.36
Station_C,2024-07-10,6.82,7.44,3.5,20.11,3.19,0.48
Station_C,2024-07-11,6.49,8.25,0.96,20.96,3.0,0.6
Station_C,2024-07-12,7.7,7.35,3.21,18.91,2.96,0.9
Station_C,2024-07-13,7.36,7.68,4.03,19.89,2.84,0.85
Station_C,2024-07-14,7.44,7.54,2.38,18.25,2.77,0.82
Station_C,2024-07-15,6.94,7.55,2.0,19.78,3.38,0.5
Station_C,2024-07-16,6.95,8.58,2.63,19.02,3.52,0.72
Station_C,2024-07-17,6.73,7.3,6.35,18.46,2.36,0.74
Station_C,2024-07-18,7.07,7.48,1.28,17.44,2.17,0.97
Station_C,2024-07-19,7.35,8.19,1.41,19.99,3.73,0.95
Station_C,2024-07-20,6.48,7.54,1.62,18.74,3.2,0.46
Station_C,2024-07-21,7.03,8.15,2.71,19.17,3.49,0.61
Station_C,2024-07-22,7.0,6.91,4.06,19.35,2.4,0.68
Station_C,2024-07-23,7.33,7.94,0.5,18.91,2.24,0.46
Station_C,2024-07-24,6.88,7.29,0.5,19.08,2.6,0.65
Station_C,2024-07-25,6.97,7.79,2.96,20.06,3.0,0.65
Station_C,2024-07-26,7.03,7.2,2.24,19.16,2.71,0.52
Station_C,2024-07-27,6.69,8.24,2.91,18.31,2.47,0.43
Station_C,2024-07-28,7.25,7.06,0.5,16.78,2.93,0.39
Station_C,2024-07-29,6.63,6.8,2.38,18.03,2.37,0.53
Station_C,2024-07-30,7.06,8.16,3.61,16.87,2.55,0.43
Station_C,2024-07-31,6.85,7.21,0.5,18.51,2.9,0.79
Station_C,2024-08-01,6.92,6.8,3.89,16.91,3.35,0.25
Station_C,2024-08-02,6.96,6.78,1.92,18.6,2.43,0.75
Station_C,2024-08-03,7.03,7.22,1.69,17.57,2.0,0.79
Station_C,2024-08-04,6.53,7.69,3.73,16.91,2.92,0.65
Station_C,2024-08-05,6.99,7.75,0.5,18.49,3.16,0.39
Station_C,2024-08-06,7.01,6.65,2.78,18.98,3.09,0.41
Station_C,2024-08-07,7.24,7.95,2.88,16.79,2.17,0.41
Station_C,2024-08-08,7.21,6.64,3.77,17.23,3.67,0.69
Station_C,2024-08-09,7.25,6.97,4.13,15.83,2.52,0.85
Station_C,2024-08-10,7.12,6.95,4.71,17.47,1.69,0.66
Station_C,2024-08-11,7.35,6.42,1.88,18.42,3.29,0.59
Station_C,2024-08-12,7.25,7.51,4.49,18.43,2.7,0.76
Station_C,2024-08-13,6.92,7.02,0.82,15.3,1.41,0.83
Station_C,2024-08-14,7.1,7.07,0.5,16.2,3.23,0.71
Station_C,2024-08-15,6.75,7.23,0.71,17.6,2.68,0.57
Station_C,2024-08-16,7.04,7.78,3.2,18.28,2.89,0.86
Station_C,2024-08-17,7.29,7.18,0.5,15.71,3.33,0.69
Station_C,2024-08-18,7.04,6.54,5.39,16.26,3.12,0.82
Station_C,2024-08-19,6.73,6.71,1.2,16.71,3.23,0.51
Station_C,2024-08-20,7.0,6.41,4.57,16.7,3.75,0.54
Station_C,2024-08-21,6.47,6.55,2.95,18.08,2.47,0.51
Station_C,2024-08-22,6.55,8.03,0.5,16.53,3.49,0.68
Station_C,2024-08-23,7.21,7.14,3.63,14.7,3.14,0.43
Station_C,2024-08-24,7.28,7.62,0.5,18.54,3.42,0.59
Station_C,2024-08-25,6.41,8.07,2.27,14.66,2.58,0.17
Station_C,2024-08-26,6.88,6.09,2.74,17.68,2.74,0.68
Station_C,2024-08-27,6.83,6.73,1.12,15.81,2.9,0.52
Station_C,2024-08-28,6.96,7.08,0.53,17.91,2.61,0.46
Station_C,2024-08-29,6.7,6.93,3.11,17.87,3.37,0.81
Station_C,2024-08-30,6.91,7.99,0.5,17.54,2.98,0.65
Station_C,2024-08-31,5.49,10.31,11.57,14.36,2.1,0.63
Station_C,2024-09-01,6.94,6.2,2.34,15.81,2.79,0.64
Station_C,2024-09-02,7.19,7.12,3.58,16.63,3.05,0.41
Station_C,2024-09-03,7.22,6.8,2.03,14.69,2.41,0.63
Station_C,2024-09-04,6.55,6.69,2.89,15.06,2.92,0.68
Station_C,2024-09-05,7.47,7.5,0.5,16.88,3.0,0.75
Station_C,2024-09-06,6.41,6.33,1.8,14.51,2.83,0.6
Station_C,2024-09-07,7.28,7.55,3.27,15.88,3.06,0.52
Station_C,2024-09-08,6.49,7.24,3.75,15.52,3.91,0.76
Station_C,2024-09-09,6.76,7.84,4.29,15.62,2.35,0.28
Station_C,2024-09-10,6.76,7.89,4.7,14.64,3.11,0.46
Station_C,2024-09-11,6.96,7.18,2.61,16.23,3.02,0.8
Station_C,2024-09-12,6.56,6.79,0.5,13.97,2.54,0.41
Station_C,2024-09-13,7.14,6.74,1.44,14.4,2.99,0.56
Station_C,2024-09-14,7.0,7.16,0.5,13.02,3.21,0.69
Station_C,2024-09-15,7.35,7.2,2.17,15.36,3.16,0.67
Station_C,2024-09-16,6.44,7.18,5.38,15.63,3.86,0.47
Station_C,2024-09-17,7.03,6.37,4.69,14.5,3.4,0.33
Station_C,2024-09-18,7.32,6.88,3.98,15.31,3.07,0.54
Station_C,2024-09-19,6.95,7.31,3.85,16.48,2.23,0.45
Station_C,2024-09-20,7.02,7.66,4.48,16.84,2.9,0.84
Station_C,2024-09-21,7.16,6.1,0.5,13.49,3.17,0.49
Station_C,2024-09-22,6.96,6.3,2.84,13.8,2.62,0.17
Station_C,2024-09-23,6.94,6.75,1.91,16.22,2.8,0.57
Station_C,2024-09-24,7.67,7.87,0.87,15.77,3.41,0.47
Station_C,2024-09-25,7.08,6.38,0.88,14.78,3.18,0.96
Station_C,2024-09-26,7.19,6.36,3.57,13.42,2.75,0.54
Station_C,2024-09-27,6.99,6.29,0.5,16.02,3.04,0.53
Station_C,2024-09-28,7.1,7.18,5.97,14.19,2.48,0.44
Station_C,2024-09-29,7.59,6.96,1.03,15.19,3.46,0.72
Station_C,2024-09-30,6.83,7.87,5.08,15.44,3.03,0.8
Station_C,2024-10-01,6.84,7.3,3.66,14.88,2.7,0.9
Station_C,2024-10-02,6.67,6.49,3.0,14.45,2.89,0.27
Station_C,2024-10-03,7.06,7.05,4.71,16.74,2.24,0.21
Station_C,2024-10-04,7.38,8.71,0.5,15.65,2.68,0.48
Station_C,2024-10-05,6.95,7.22,0.56,14.56,2.84,0.59
Station_C,2024-10-06,7.36,6.98,2.81,14.75,2.85,0.65
Station_C,2024-10-07,6.92,6.6,2.76,13.58,3.33,0.57
Station_C,2024-10-08,6.87,7.53,3.78,13.96,2.49,1.1
Station_C,2024-10-09,6.95,7.07,3.25,15.56,2.79,0.93
Station_C,2024-10-10,7.08,6.39,2.07,14.2,2.65,0.76
Station_C,2024-10-11,6.99,7.54,1.8,14.98,3.59,0.53
Station_C,2024-10-12,7.47,7.45,0.5,16.4,2.12,0.77
Station_C,2024-10-13,7.38,6.3,0.65,13.73,2.63,0.34
Station_C,2024-10-14,7.11,7.88,6.18,15.46,3.6,0.64
Station_C,2024-10-15,7.15,7.04,1.04,17.33,2.8,0.59
Station_C,2024-10-16,6.76,6.96,5.04,16.58,3.71,0.6
Station_C,2024-10-17,6.86,7.84,5.08,16.3,3.36,0.54
Station_C,2024-10-18,8.49,3.66,10.5,14.92,2.34,1.01
Station_C,2024-10-19,7.25,7.48,3.59,16.58,2.72,0.53
Station_C,2024-10-20,6.99,7.0,1.55,14.7,2.66,0.62
Station_C,2024-10-21,7.29,6.89,3.24,16.35,3.84,0.86
Station_C,2024-10-22,7.34,8.06,2.83,15.94,4.16,0.05
Station_C,2024-10-23,7.69,6.21,1.34,15.69,3.61,0.67
Station_C,2024-10-24,7.56,7.85,2.09,15.95,2.73,0.49
Station_C,2024-10-25,7.56,7.65,0.5,14.81,1.9,0.43
Station_C,2024-10-26,7.02,7.26,2.71,16.24,2.22,0.7
Station_C,2024-10-27,7.08,7.0,0.5,14.68,3.52,0.67
Station_C,2024-10-28,6.94,7.4,0.5,16.97,3.05,0.54
Station_C,2024-10-29,7.54,7.37,1.11,16.04,3.16,0.4
Station_C,2024-10-30,7.04,6.68,0.5,16.59,3.48,0.86
Station_C,2024-10-31,7.3,7.71,3.38,18.09,3.32,0.56
Station_C,2024-11-01,6.62,7.36,1.28,14.97,2.1,0.55
Station_C,2024-11-02,7.09,7.54,1.46,17.81,2.31,0.83
Station_C,2024-11-03,7.06,8.47,0.5,16.81,2.69,0.55
Station_C,2024-11-04,7.01,7.06,2.33,15.95,3.35,0.51
Station_C,2024-11-05,7.13,6.17,3.82,14.3,2.1,0.41
Station_C,2024-11-06,7.4,6.93,4.81,16.01,2.62,0.73
Station_C,2024-11-07,6.99,6.33,2.05,16.05,3.33,0.61
Station_C,2024-11-08,7.14,7.82,2.06,16.31,3.33,0.61
Station_C,2024-11-09,6.86,6.83,2.79,17.09,3.09,0.1
Station_C,2024-11-10,7.09,6.34,2.64,17.11,3.33,0.06
Station_C,2024-11-11,7.33,7.55,3.36,17.63,2.74,0.37
Station_C,2024-11-12,7.43,6.82,0.89,16.37,3.17,0.58
Station_C,2024-11-13,6.72,8.21,2.14,16.06,3.1,0.97
Station_C,2024-11-14,6.93,7.11,1.92,17.51,3.73,0.66
Station_C,2024-11-15,6.87,7.45,1.04,16.54,2.75,0.72
Station_C,2024-11-16,7.09,7.6,0.5,19.18,2.9,0.19
Station_C,2024-11-17,7.7,7.06,1.82,18.0,2.99,0.69
Station_C,2024-11-18,7.12,7.31,3.4,16.37,2.17,0.62
Station_C,2024-11-19,7.67,7.62,1.86,15.27,2.35,0.93
Station_C,2024-11-20,7.08,7.59,1.29,18.92,2.48,0.24
Station_C,2024-11-21,7.69,8.35,0.5,17.44,2.4,0.59
Station_C,2024-11-22,7.13,7.67,0.62,19.22,3.16,0.74
Station_C,2024-11-23,7.2,7.29,2.65,17.9,2.77,0.44
Station_C,2024-11-24,7.28,7.14,0.9,17.05,3.39,0.47
Station_C,2024-11-25,7.07,7.34,0.77,17.56,3.63,0.8
Station_C,2024-11-26,7.29,8.3,2.05,18.52,2.75,1.08
Station_C,2024-11-27,7.08,7.0,3.7,18.61,3.45,0.63
Station_C,2024-11-28,7.03,7.09,3.49,18.12,3.13,0.42
Station_C,2024-11-29,7.22,7.29,1.93,18.84,2.91,0.76
Station_C,2024-11-30,5.26,10.42,12.05,18.99,2.65,0.86
Station_C,2024-12-01,7.67,7.44,4.05,17.25,3.58,0.8
Station_C,2024-12-02,7.07,7.91,0.5,18.17,2.96,0.58
Station_C,2024-12-03,6.83,6.97,1.1,19.61,2.71,0.49
Station_C,2024-12-04,5.54,9.97,15.14,18.66,3.61,0.69
Station_C,2024-12-05,6.86,7.3,0.66,17.56,4.08,0.65
Station_C,2024-12-06,6.8,8.16,2.71,16.96,3.36,0.57
Station_C,2024-12-07,7.29,8.29,1.63,20.08,3.07,0.29
Station_C,2024-12-08,7.79,8.27,2.54,19.26,3.02,0.24
Station_C,2024-12-09,7.58,7.61,1.56,18.46,2.67,0.69
Station_C,2024-12-10,6.83,6.96,0.83,20.58,2.58,0.62
Station_C,2024-12-11,7.51,6.99,0.86,19.93,3.17,0.77
Station_C,2024-12-12,6.85,7.97,3.77,18.8,3.56,0.74
Station_C,2024-12-13,6.84,8.4,3.02,18.23,4.03,0.5
Station_C,2024-12-14,7.22,7.98,3.03,19.95,3.5,0.67
Station_C,2024-12-15,7.33,7.52,2.97,20.11,3.14,0.55
Station_C,2024-12-16,7.46,7.74,0.5,19.4,3.06,0.22
Station_C,2024-12-17,7.25,8.02,4.29,20.26,3.45,0.38
Station_C,2024-12-18,6.96,8.09,0.5,21.13,3.56,0.61
Station_C,2024-12-19,5.49,9.9,13.13,20.12,2.65,0.88
Station_C,2024-12-20,6.81,6.26,2.95,18.39,2.61,0.49
Station_C,2024-12-21,7.14,7.01,2.24,18.83,3.27,0.41
Station_C,2024-12-22,7.05,7.31,2.41,19.66,3.14,0.25
Station_C,2024-12-23,7.1,8.22,0.5,21.96,3.43,0.49
Station_C,2024-12-24,7.2,8.04,3.07,19.64,2.53,0.38
Station_C,2024-12-25,6.8,8.24,1.25,19.32,2.74,0.58
Station_C,2024-12-26,6.79,8.47,1.37,18.87,2.53,0.66
Station_C,2024-12-27,6.95,8.2,3.6,20.57,2.42,0.85
Station_C,2024-12-28,7.49,7.88,2.22,21.87,2.77,0.16
Station_C,2024-12-29,7.01,8.07,1.34,20.77,2.87,0.47
Station_C,2024-12-30,7.08,6.8,1.99,20.81,3.28,0.38
Station_D,2024-01-01,7.22,7.35,6.74,15.01,3.17,0.61
Station_D,2024-01-02,7.04,6.71,6.53,17.41,3.53,1.06
Station_D,2024-01-03,7.53,7.21,4.17,18.13,3.56,0.45
Station_D,2024-01-04,6.83,7.46,9.2,17.46,2.97,0.88
Station_D,2024-01-05,6.55,6.34,9.63,18.28,3.11,0.67
Station_D,2024-01-06,6.61,6.73,4.66,17.38,3.05,0.66
Station_D,2024-01-07,7.23,8.08,9.32,18.34,3.07,0.57
Station_D,2024-01-08,7.35,7.57,8.05,17.5,1.94,0.89
Station_D,2024-01-09,7.25,7.57,9.71,18.06,2.63,0.72
Station_D,2024-01-10,6.95,7.19,9.61,17.24,2.7,0.58
Station_D,2024-01-11,6.89,6.86,9.5,17.69,2.52,0.77
Station_D,2024-01-12,6.55,7.16,7.67,16.02,2.46,0.61
Station_D,2024-01-13,7.35,7.84,7.69,19.84,3.4,0.6
Station_D,2024-01-14,7.11,7.41,8.37,19.39,3.12,0.81
Station_D,2024-01-15,6.77,7.49,9.91,18.02,2.28,0.55
Station_D,2024-01-16,6.67,7.37,6.78,19.1,2.44,0.95
Station_D,2024-01-17,6.88,7.55,8.09,15.19,2.66,0.68
Station_D,2024-01-18,7.32,7.92,11.39,19.81,2.74,0.58
Station_D,2024-01-19,6.75,7.24,11.82,19.92,3.62,0.86
Station_D,2024-01-20,6.74,7.18,8.8,18.2,2.95,1.06
Station_D,2024-01-21,6.67,7.46,9.89,17.44,2.03,0.78
Station_D,2024-01-22,7.06,8.3,5.09,18.96,2.63,0.46
Station_D,2024-01-23,6.98,7.91,9.36,19.13,3.83,0.34
Station_D,2024-01-24,7.06,8.52,8.59,20.18,3.42,0.58
Station_D,2024-01-25,6.69,7.46,7.73,19.61,3.44,0.36
Station_D,2024-01-26,6.87,8.03,7.57,18.2,2.32,0.76
Station_D,2024-01-27,7.16,7.33,7.41,21.38,3.56,0.94
Station_D,2024-01-28,6.83,7.48,7.43,21.58,3.42,0.92
Station_D,2024-01-29,7.3,7.06,8.4,20.87,3.51,0.54
Station_D,2024-01-30,6.94,8.05,7.71,19.13,2.7,0.9
Station_D,2024-01-31,7.1,7.13,7.37,20.53,3.72,0.9
Station_D,2024-02-01,7.16,7.48,6.21,19.78,3.75,0.69
Station_D,2024-02-02,7.04,7.83,10.19,18.94,2.42,0.44
Station_D,2024-02-03,5.52,11.19,17.39,20.61,3.07,0.47
Station_D,2024-02-04,6.89,7.86,7.89,18.82,3.44,0.79
Station_D,2024-02-05,7.21,7.79,6.79,21.23,3.26,0.6
Station_D,2024-02-06,7.2,8.29,6.23,20.8,2.8,0.9
Station_D,2024-02-07,7.01,7.95,6.3,23.12,2.36,0.5
Station_D,2024-02-08,7.24,8.47,7.69,19.46,3.01,1.05
Station_D,2024-02-09,7.2,8.5,9.07,20.76,2.92,0.85
Station_D,2024-02-10,7.1,8.08,6.78,21.39,3.62,0.7
Station_D,2024-02-11,7.03,9.25,8.03,21.18,3.12,0.63
Station_D,2024-02-12,6.75,7.94,4.87,21.88,3.16,0.72
Station_D,2024-02-13,6.59,7.81,7.95,19.44,2.65,0.63
Station_D,2024-02-14,7.42,7.57,4.58,22.84,2.08,0.96
Station_D,2024-02-15,7.04,7.8,7.91,21.57,2.78,0.58
Station_D,2024-02-16,8.79,5.47,18.18,20.95,3.53,0.86
Station_D,2024-02-17,8.19,10.83,18.96,21.67,3.61,0.69
Station_D,2024-02-18,6.7,9.13,5.21,21.13,3.21,0.96
Station_D,2024-02-19,6.73,8.08,6.76,21.37,4.07,0.7
Station_D,2024-02-20,6.62,8.54,6.52,20.58,3.11,0.41
Station_D,2024-02-21,7.61,8.14,5.61,21.19,2.84,0.56
Station_D,2024-02-22,7.22,8.66,8.45,20.45,2.76,1.31
Station_D,2024-02-23,7.84,7.91,6.85,22.28,2.78,0.84
Station_D,2024-02-24,6.97,7.75,7.64,20.65,2.36,1.02
Station_D,2024-02-25,8.67,4.97,17.99,23.14,2.47,0.56
Station_D,2024-02-26,6.41,7.84,9.73,22.01,2.4,0.67
Station_D,2024-02-27,6.7,7.87,6.95,24.6,3.69,0.9
Station_D,2024-02-28,8.6,5.42,17.42,22.79,2.9,0.76
Station_D,2024-02-29,5.41,4.91,16.7,22.77,3.72,1.0
Station_D,2024-03-01,6.62,8.8,7.26,22.95,2.61,0.79
Station_D,2024-03-02,8.38,4.91,20.03,22.74,2.4,0.88
Station_D,2024-03-03,7.27,8.12,8.77,19.96,1.72,0.53
Station_D,2024-03-04,6.4,8.32,5.57,22.94,3.27,0.57
Station_D,2024-03-05,7.0,9.01,8.5,23.7,2.64,0.63
Station_D,2024-03-06,7.4,9.24,7.67,24.75,3.11,0.69
Station_D,2024-03-07,7.44,7.96,6.67,21.94,2.87,0.55
Station_D,2024-03-08,6.87,8.77,10.13,23.32,2.74,0.66
Station_D,2024-03-09,7.05,8.23,9.63,21.7,2.7,0.59
Station_D,2024-03-10,6.72,7.96,7.63,24.64,3.19,0.59
Station_D,2024-03-11,7.13,8.08,7.19,22.97,3.05,1.03
Station_D,2024-03-12,7.49,8.68,6.67,25.03,3.23,0.6
Station_D,2024-03-13,6.85,8.26,8.94,22.8,3.89,0.49
Station_D,2024-03-14,7.03,8.99,7.27,23.92,2.92,0.85
Station_D,2024-03-15,6.56,8.02,8.2,22.71,3.17,1.01
Station_D,2024-03-16,6.28,7.97,5.02,21.99,1.5,0.74
Station_D,2024-03-17,7.01,7.68,6.68,22.4,4.03,0.54
Station_D,2024-03-18,6.9,9.25,5.41,21.59,3.02,1.21
Station_D,2024-03-19,6.98,8.3,8.25,22.06,2.94,0.84
Station_D,2024-03-20,7.28,8.66,6.79,22.33,2.42,0.78
Station_D,2024-03-21,6.72,8.03,8.66,22.43,3.18,0.77
Station_D,2024-03-22,7.05,7.77,7.89,23.22,2.32,0.96
Station_D,2024-03-23,7.08,7.96,10.45,23.49,2.77,0.88
Station_D,2024-03-24,6.37,8.35,7.61,24.24,3.25,1.03
Station_D,2024-03-25,7.29,8.03,8.27,21.39,3.0,0.47
Station_D,2024-03-26,7.13,8.02,6.16,23.97,3.01,0.66
Station_D,2024-03-27,7.0,8.19,9.36,23.14,3.19,0.65
Station_D,2024-03-28,7.13,8.36,4.14,22.46,2.83,0.39
Station_D,2024-03-29,7.1,8.26,11.22,22.77,2.84,0.97
Station_D,2024-03-30,6.47,7.65,6.4,22.99,2.56,0.83
Station_D,2024-03-31,6.94,9.3,7.1,23.02,2.97,0.8
Station_D,2024-04-01,7.26,7.81,7.46,23.43,2.93,0.88
Station_D,2024-04-02,7.03,8.18,5.02,25.78,3.43,0.57
Station_D,2024-04-03,6.51,8.46,6.79,22.41,2.34,0.67
Station_D,2024-04-04,7.11,8.62,6.5,23.3,2.63,0.86
Station_D,2024-04-05,6.84,7.52,9.13,22.74,3.16,0.56
Station_D,2024-04-06,7.16,8.42,6.97,20.32,3.09,0.92
Station_D,2024-04-07,7.52,8.64,6.61,22.99,2.79,1.02
Station_D,2024-04-08,7.26,8.43,9.48,22.66,3.7,0.43
Station_D,2024-04-09,7.22,8.15,2.87,23.38,3.07,0.79
Station_D,2024-04-10,7.4,8.3,8.76,23.72,2.56,0.93
Station_D,2024-04-11,6.97,8.31,7.9,24.04,3.39,1.18
Station_D,2024-04-12,7.01,9.11,7.8,25.23,2.42,0.76
Station_D,2024-04-13,6.88,8.04,8.65,21.44,2.53,0.83
Station_D,2024-04-14,6.79,8.63,8.19,22.84,3.34,0.94
Station_D,2024-04-15,7.44,7.23,7.41,21.62,2.24,0.96
Station_D,2024-04-16,6.85,8.7,7.35,23.18,3.18,0.63
Station_D,2024-04-17,6.92,8.61,7.75,21.05,2.04,0.65
Station_D,2024-04-18,7.17,8.45,6.61,24.41,2.93,1.16
Station_D,2024-04-19,6.94,8.9,6.68,21.49,3.08,0.68
Station_D,2024-04-20,7.13,8.24,6.09,20.91,3.65,0.65
Station_D,2024-04-21,7.33,8.33,7.25,23.04,2.81,1.11
Station_D,2024-04-22,6.99,7.89,5.81,21.98,3.58,0.91
Station_D,2024-04-23,6.55,8.74,6.94,22.3,2.5,0.84
Station_D,2024-04-24,6.5,8.57,9.28,22.02,2.31,0.32
Station_D,2024-04-25,6.69,8.67,7.96,21.59,2.75,0.38
Station_D,2024-04-26,7.71,8.13,10.24,22.87,3.22,1.13
Station_D,2024-04-27,6.94,8.7,9.92,22.04,2.71,0.79
Station_D,2024-04-28,7.03,7.88,4.98,21.69,3.13,0.59
Station_D,2024-04-29,7.07,7.74,9.03,23.2,2.97,0.93
Station_D,2024-04-30,6.87,8.52,7.4,21.19,3.79,0.39
Station_D,2024-05-01,7.02,8.98,7.5,22.08,3.09,0.74
Station_D,2024-05-02,7.22,8.08,10.38,23.5,2.83,0.92
Station_D,2024-05-03,7.04,8.04,7.87,22.2,4.36,0.5
Station_D,2024-05-04,6.84,8.01,7.85,22.26,3.25,0.66
Station_D,2024-05-05,6.54,7.83,8.38,22.88,4.16,0.95
Station_D,2024-05-06,6.58,8.04,8.66,20.93,2.97,0.92
Station_D,2024-05-07,7.26,8.27,8.59,22.37,3.88,0.81
Station_D,2024-05-08,6.65,7.28,8.91,21.95,2.83,0.55
Station_D,2024-05-09,7.24,8.18,7.89,22.17,3.11,1.01
Station_D,2024-05-10,7.79,8.65,6.49,22.51,2.36,0.49
Station_D,2024-05-11,7.47,7.87,6.48,22.63,3.53,0.8
Station_D,2024-05-12,7.13,8.13,8.23,21.98,2.08,0.99
Station_D,2024-05-13,7.4,6.84,10.81,19.89,2.75,0.75
Station_D,2024-05-14,7.63,7.35,8.96,20.51,2.75,0.64
Station_D,2024-05-15,7.08,8.47,6.84,20.58,3.37,0.76
Station_D,2024-05-16,6.87,8.82,7.14,19.55,3.47,0.58
Station_D,2024-05-17,7.04,8.07,7.7,21.82,2.67,1.04
Station_D,2024-05-18,6.63,7.86,10.39,22.48,4.09,0.86
Station_D,2024-05-19,6.47,8.18,6.41,20.53,2.52,0.91
Station_D,2024-05-20,7.1,8.28,5.3,19.74,2.42,0.73
Station_D,2024-05-21,7.29,7.73,8.64,22.4,2.46,0.65
Station_D,2024-05-22,6.53,7.87,7.04,20.5,2.71,0.91
Station_D,2024-05-23,7.66,7.22,7.25,20.81,4.02,0.5
Station_D,2024-05-24,6.7,8.1,6.11,21.26,2.68,1.0
Station_D,2024-05-25,6.96,7.59,6.25,21.42,3.33,1.0
Station_D,2024-05-26,6.92,6.76,6.7,23.02,2.77,1.12
Station_D,2024-05-27,7.31,7.42,6.84,21.1,3.07,0.88
Station_D,2024-05-28,7.31,8.31,9.46,19.8,3.58,0.66
Station_D,2024-05-29,6.85,7.31,5.12,19.28,2.9,0.8
Station_D,2024-05-30,6.92,7.55,9.65,19.65,3.92,0.99
Station_D,2024-05-31,7.19,8.63,8.23,20.8,2.91,0.49
Station_D,2024-06-01,7.11,7.4,7.05,20.07,2.29,0.79
Station_D,2024-06-02,6.6,7.38,8.53,19.98,3.54,0.8
Station_D,2024-06-03,7.34,7.7,9.38,19.8,2.72,0.68
Station_D,2024-06-04,7.27,7.83,4.2,19.81,3.68,0.87
Station_D,2024-06-05,7.53,7.95,8.11,19.41,3.34,0.79
Station_D,2024-06-06,7.0,7.2,4.35,20.03,3.15,0.64
Station_D,2024-06-07,7.14,7.55,7.03,17.67,2.6,0.78
Station_D,2024-06-08,6.79,7.56,9.92,17.78,4.03,0.79
Station_D,2024-06-09,7.25,7.36,9.65,17.74,2.86,0.7
Station_D,2024-06-10,7.77,7.84,8.66,20.36,2.36,1.11
Station_D,2024-06-11,7.34,7.47,6.04,19.7,4.3,0.74
Station_D,2024-06-12,7.2,8.39,6.55,19.72,2.92,1.0
Station_D,2024-06-13,6.63,7.31,7.2,20.39,3.09,0.72
Station_D,2024-06-14,6.66,6.98,9.65,17.69,3.32,0.64
Station_D,2024-06-15,6.91,8.07,8.49,20.52,2.85,0.93
Station_D,2024-06-16,6.33,7.42,8.11,17.5,2.52,0.87
Station_D,2024-06-17,7.35,7.93,8.8,18.45,2.92,1.1
Station_D,2024-06-18,5.73,11.33,17.25,19.29,2.58,0.63
Station_D,2024-06-19,7.11,7.88,9.42,19.9,3.03,1.0
Station_D,2024-06-20,7.18,7.36,6.15,19.09,3.7,1.26
Station_D,2024-06-21,6.49,7.86,9.04,18.45,2.51,1.04
Station_D,2024-06-22,7.06,7.47,8.56,17.66,3.18,0.87
Station_D,2024-06-23,7.15,7.35,7.68,18.83,4.24,0.48
Station_D,2024-06-24,7.38,7.34,9.01,18.47,3.14,0.88
Station_D,2024-06-25,6.02,10.71,18.04,18.12,3.77,0.59
Station_D,2024-06-26,6.64,7.2,9.4,18.18,3.39,0.79
Station_D,2024-06-27,7.28,7.75,7.91,15.41,2.21,0.81
Station_D,2024-06-28,6.86,7.26,8.18,15.53,2.28,0.64
Station_D,2024-06-29,6.67,6.54,9.94,18.1,3.47,0.72
Station_D,2024-06-30,7.61,6.94,7.59,16.93,2.09,0.7
Station_D,2024-07-01,7.16,7.66,8.24,17.57,3.74,0.6
Station_D,2024-07-02,5.54,10.99,19.19,15.7,2.47,0.88
Station_D,2024-07-03,7.3,7.33,7.81,17.67,2.88,1.08
Station_D,2024-07-04,6.84,6.62,8.9,17.3,2.51,0.33
Station_D,2024-07-05,6.77,7.68,9.51,15.52,2.46,0.81
Station_D,2024-07-06,7.08,7.51,7.19,18.61,3.52,0.69
Station_D,2024-07-07,7.01,7.03,6.0,14.66,2.81,0.94
Station_D,2024-07-08,7.15,6.64,5.98,17.19,3.54,0.66
Station_D,2024-07-09,7.12,6.13,6.44,16.24,3.31,0.92
Station_D,2024-07-10,5.6,4.2,20.94,17.33,3.09,0.79
Station_D,2024-07-11,7.52,7.53,5.89,17.02,3.69,1.09
Station_D,2024-07-12,7.15,6.46,7.16,15.36,2.82,0.95
Station_D,2024-07-13,7.45,6.29,8.3,16.1,3.09,0.78
Station_D,2024-07-14,6.97,6.91,8.39,15.02,2.89,0.79
Station_D,2024-07-15,6.87,6.26,6.57,17.52,2.71,0.74
Station_D,2024-07-16,7.06,7.09,5.33,13.75,3.21,0.79
Station_D,2024-07-17,7.41,6.86,6.41,15.72,2.49,0.86
Station_D,2024-07-18,7.31,7.03,5.08,15.07,3.3,0.7
Station_D,2024-07-19,6.61,6.82,7.52,16.81,2.42,0.49
Station_D,2024-07-20,7.52,7.17,8.24,15.04,3.03,0.71
Station_D,2024-07-21,6.71,6.47,9.05,13.53,3.91,0.67
Station_D,2024-07-22,6.68,7.23,7.56,15.19,2.58,0.79
Station_D,2024-07-23,6.68,6.42,9.55,15.28,2.67,0.94
Station_D,2024-07-24,6.93,7.03,7.51,15.22,3.95,0.66
Station_D,2024-07-25,7.16,5.93,7.7,14.42,3.26,0.59
Station_D,2024-07-26,6.59,6.71,6.23,14.72,2.88,0.8
Station_D,2024-07-27,6.05,7.24,8.48,15.86,2.02,0.63
Station_D,2024-07-28,7.42,7.75,7.52,14.76,2.57,0.73
Station_D,2024-07-29,6.77,7.07,5.02,14.96,3.21,0.71
Station_D,2024-07-30,6.65,6.62,9.17,13.93,3.3,0.73
Station_D,2024-07-31,6.91,6.63,7.29,15.15,3.71,0.85
Station_D,2024-08-01,7.16,7.51,7.15,15.53,2.74,1.03
Station_D,2024-08-02,6.83,7.55,8.84,13.33,3.47,0.74
Station_D,2024-08-03,6.93,7.57,6.72,13.26,3.83,0.67
Station_D,2024-08-04,6.66,7.21,6.83,13.77,3.0,0.76
Station_D,2024-08-05,7.35,7.5,6.71,14.51,3.45,0.98
Station_D,2024-08-06,6.65,6.77,9.26,13.49,3.65,0.71
Station_D,2024-08-07,7.1,6.03,3.95,13.69,2.96,0.57
Station_D,2024-08-08,6.94,6.23,8.44,13.24,3.74,0.63
Station_D,2024-08-09,6.68,7.09,7.81,14.07,2.85,0.98
Station_D,2024-08-10,6.58,6.59,7.99,13.34,3.73,0.73
Station_D,2024-08-11,7.23,6.62,8.06,13.51,3.27,0.4
Station_D,2024-08-12,6.76,5.2,7.31,13.09,2.96,0.81
Station_D,2024-08-13,6.97,6.43,5.12,12.37,2.97,0.74
Station_D,2024-08-14,7.37,6.0,6.19,13.66,3.94,0.65
Station_D,2024-08-15,7.44,6.94,9.12,12.39,2.27,1.06
Station_D,2024-08-16,6.64,6.7,5.19,11.79,3.78,0.65
Station_D,2024-08-17,6.95,6.7,9.8,12.37,4.08,1.16
Station_D,2024-08-18,6.54,6.21,8.25,13.44,3.34,0.36
Station_D,2024-08-19,6.62,5.92,7.9,12.13,2.9,0.97
Station_D,2024-08-20,8.07,4.25,18.39,11.82,3.29,0.93
Station_D,2024-08-21,7.03,6.14,7.07,12.79,3.17,1.0
Station_D,2024-08-22,7.31,6.34,7.76,13.34,3.87,0.91
Station_D,2024-08-23,7.05,6.37,3.53,11.31,3.23,0.22
Station_D,2024-08-24,7.18,6.51,8.59,11.49,3.35,0.96
Station_D,2024-08-25,7.32,6.56,7.53,12.36,2.93,0.99
Station_D,2024-08-26,6.94,6.98,6.82,12.99,3.07,0.73
Station_D,2024-08-27,6.75,6.92,6.47,12.02,3.54,0.62
Station_D,2024-08-28,7.19,6.55,9.23,12.65,2.92,0.67
Station_D,2024-08-29,7.26,7.11,6.35,13.79,2.91,1.16
Station_D,2024-08-30,6.62,5.92,8.15,12.31,2.52,0.77
Station_D,2024-08-31,6.65,7.2,7.01,13.12,2.77,1.0
Station_D,2024-09-01,6.97,6.21,7.41,12.2,2.98,0.75
Station_D,2024-09-02,7.04,5.84,7.36,11.69,2.0,0.72
Station_D,2024-09-03,7.18,6.56,6.22,10.24,3.84,1.05
Station_D,2024-09-04,7.05,6.36,7.35,13.0,2.6,0.95
Station_D,2024-09-05,6.66,5.52,9.31,9.84,3.19,0.94
Station_D,2024-09-06,7.23,6.15,8.67,12.29,3.55,0.39
Station_D,2024-09-07,6.73,6.15,8.17,11.41,3.54,0.46
Station_D,2024-09-08,6.83,6.12,7.76,9.96,2.72,0.75
Station_D,2024-09-09,7.35,5.69,8.54,9.85,2.65,0.52
Station_D,2024-09-10,6.7,6.33,6.33,11.08,3.31,0.79
Station_D,2024-09-11,7.39,5.5,6.53,13.13,2.85,0.5
Station_D,2024-09-12,6.68,6.75,6.64,11.06,3.06,0.99
Station_D,2024-09-13,6.42,7.07,8.65,10.63,2.6,0.9
Station_D,2024-09-14,6.2,5.67,9.04,12.83,3.74,0.94
Station_D,2024-09-15,6.8,5.38,7.1,11.74,2.84,0.7
Station_D,2024-09-16,7.12,6.64,7.02,9.97,3.76,0.77
Station_D,2024-09-17,7.0,6.75,6.73,11.63,2.28,0.84
Station_D,2024-09-18,6.59,6.67,7.31,10.85,2.7,0.69
Station_D,2024-09-19,7.12,6.72,8.54,9.48,3.56,0.95
Station_D,2024-09-20,6.5,7.23,9.38,11.72,3.0,0.49
Station_D,2024-09-21,6.96,5.53,7.31,10.22,2.83,0.54
Station_D,2024-09-22,7.1,6.0,7.01,10.57,4.43,0.88
Station_D,2024-09-23,6.76,6.83,8.07,11.79,3.77,0.7
Station_D,2024-09-24,6.7,5.65,7.65,10.6,3.37,0.9
Station_D,2024-09-25,6.71,6.33,9.83,11.61,3.08,0.73
Station_D,2024-09-26,6.82,6.77,8.31,12.71,3.11,0.55
Station_D,2024-09-27,7.19,6.66,7.14,11.46,3.78,1.05
Station_D,2024-09-28,6.5,5.78,9.42,11.58,4.02,0.55
Station_D,2024-09-29,6.54,6.26,6.85,11.48,2.66,0.56
Station_D,2024-09-30,7.49,5.8,4.56,11.14,2.88,0.73
Station_D,2024-10-01,6.78,6.47,6.54,12.9,3.58,0.92
Station_D,2024-10-02,6.2,5.87,5.81,11.6,3.24,0.83
Station_D,2024-10-03,7.21,6.09,5.36,10.95,3.38,1.12
Station_D,2024-10-04,6.88,5.73,8.53,10.59,2.64,0.73
Station_D,2024-10-05,7.16,6.08,5.9,10.28,3.93,0.84
Station_D,2024-10-06,7.26,6.55,8.42,12.07,3.07,0.89
Station_D,2024-10-07,6.7,5.98,4.77,13.22,3.5,0.6
Station_D,2024-10-08,6.7,5.51,6.14,11.59,2.99,0.99
Station_D,2024-10-09,6.47,6.17,6.28,11.3,3.78,0.41
Station_D,2024-10-10,7.15,5.99,8.3,11.07,3.62,0.5
Station_D,2024-10-11,7.23,5.94,8.91,11.31,3.59,0.72
Station_D,2024-10-12,7.22,6.14,7.13,11.77,2.74,0.8
Station_D,2024-10-13,7.43,5.38,6.71,11.21,3.27,1.08
Station_D,2024-10-14,7.0,5.33,9.53,10.58,3.59,0.79
Station_D,2024-10-15,7.17,6.1,5.62,11.63,2.32,1.02
Station_D,2024-10-16,7.51,6.14,7.42,10.56,2.82,0.61
Station_D,2024-10-17,7.37,6.69,7.83,13.08,2.93,1.03
Station_D,2024-10-18,7.17,6.37,8.29,12.81,3.36,0.8
Station_D,2024-10-19,6.87,6.75,4.15,10.45,3.56,0.71
Station_D,2024-10-20,6.87,6.36,8.41,12.98,2.81,0.79
Station_D,2024-10-21,6.94,6.15,9.28,13.53,3.54,1.2
Station_D,2024-10-22,6.83,6.16,8.26,12.63,2.83,0.67
Station_D,2024-10-23,7.24,6.98,5.45,11.02,3.48,0.67
Station_D,2024-10-24,6.81,5.51,7.7,11.65,2.59,0.95
Station_D,2024-10-25,7.42,6.31,8.74,12.45,2.75,0.35
Station_D,2024-10-26,6.94,6.55,11.16,11.02,2.6,0.57
Station_D,2024-10-27,6.9,5.99,8.59,13.19,3.3,0.78
Station_D,2024-10-28,6.96,5.75,7.44,11.91,2.84,0.45
Station_D,2024-10-29,7.12,5.98,5.32,12.65,2.53,0.69
Station_D,2024-10-30,7.23,7.48,6.7,10.75,3.57,0.83
Station_D,2024-10-31,4.88,3.82,19.05,11.68,3.69,0.99
Station_D,2024-11-01,6.7,6.41,8.59,11.72,1.97,1.02
Station_D,2024-11-02,7.3,6.97,8.06,14.52,4.06,0.48
Station_D,2024-11-03,7.03,6.77,6.99,10.29,2.84,0.84
Station_D,2024-11-04,6.64,7.03,7.16,12.52,2.15,0.96
Station_D,2024-11-05,7.05,7.67,6.44,14.32,4.07,0.74
Station_D,2024-11-06,6.83,6.37,9.98,12.26,2.02,0.73
Station_D,2024-11-07,6.48,6.68,8.13,12.47,2.96,0.7
Station_D,2024-11-08,6.91,6.86,7.49,12.25,3.08,0.78
Station_D,2024-11-09,7.05,7.27,8.37,13.84,3.37,0.39
Station_D,2024-11-10,7.43,6.28,8.02,12.33,2.86,0.74
Station_D,2024-11-11,6.72,6.67,8.02,13.05,2.55,0.44
Station_D,2024-11-12,7.49,7.04,7.33,10.3,2.23,0.63
Station_D,2024-11-13,6.76,7.06,4.91,11.28,3.06,0.82
Station_D,2024-11-14,6.99,7.07,6.49,13.08,3.35,0.73
Station_D,2024-11-15,7.36,5.84,7.37,13.4,3.36,0.76
Station_D,2024-11-16,7.23,7.34,6.07,14.37,3.63,0.53
Station_D,2024-11-17,6.61,6.44,8.42,13.03,3.2,0.55
Station_D,2024-11-18,7.19,6.95,8.42,11.95,3.01,0.83
Station_D,2024-11-19,7.0,5.95,7.04,13.64,2.43,0.99
Station_D,2024-11-20,6.87,7.68,7.13,13.7,3.35,0.54
Station_D,2024-11-21,6.75,6.08,5.55,13.6,3.35,0.89
Station_D,2024-11-22,7.45,6.57,9.5,12.06,3.13,0.65
Station_D,2024-11-23,6.86,7.21,8.9,13.08,3.0,0.65
Station_D,2024-11-24,7.14,6.58,8.08,15.48,2.92,0.89
Station_D,2024-11-25,5.82,6.86,5.6,13.53,2.92,1.08
Station_D,2024-11-26,7.25,6.16,8.0,14.3,3.13,0.79
Station_D,2024-11-27,6.66,6.91,5.41,14.12,3.16,1.1
Station_D,2024-11-28,6.91,6.94,9.88,14.38,3.15,0.75
Station_D,2024-11-29,6.96,6.18,9.14,14.6,4.22,0.56
Station_D,2024-11-30,6.52,6.99,7.7,14.8,2.56,0.66
Station_D,2024-12-01,7.11,7.36,7.54,14.48,3.12,0.76
Station_D,2024-12-02,7.21,6.63,6.88,15.28,2.86,0.65
Station_D,2024-12-03,6.49,6.53,8.52,13.8,2.56,0.6
Station_D,2024-12-04,7.04,6.3,10.08,15.35,2.48,0.97
Station_D,2024-12-05,6.66,7.53,6.92,13.39,2.85,0.71
Station_D,2024-12-06,6.88,7.13,7.86,14.59,2.83,0.5
Station_D,2024-12-07,7.2,6.58,6.88,15.43,2.64,0.69
Station_D,2024-12-08,7.46,7.04,8.33,15.37,2.47,1.06
Station_D,2024-12-09,7.09,6.99,8.31,14.71,3.1,0.52
Station_D,2024-12-10,6.64,5.7,7.68,15.37,2.78,0.79
Station_D,2024-12-11,6.66,7.82,7.81,14.98,2.47,0.85
Station_D,2024-12-12,6.86,7.06,6.47,14.87,3.97,0.94
Station_D,2024-12-13,6.89,6.89,7.53,14.64,2.84,0.71
Station_D,2024-12-14,7.32,7.7,7.67,16.65,2.86,0.62
Station_D,2024-12-15,7.19,8.19,9.33,17.03,3.18,0.96
Station_D,2024-12-16,7.24,6.48,7.39,16.53,3.43,0.94
Station_D,2024-12-17,6.69,7.17,5.16,16.86,3.09,0.66
Station_D,2024-12-18,7.04,7.21,6.96,16.5,2.65,0.63
Station_D,2024-12-19,7.01,7.16,8.2,16.88,2.44,0.38
Station_D,2024-12-20,7.52,6.08,5.18,16.56,1.83,0.35
Station_D,2024-12-21,6.94,7.78,9.04,16.45,2.62,0.57
Station_D,2024-12-22,6.8,7.26,9.8,17.09,2.75,0.56
Station_D,2024-12-23,7.2,7.05,10.12,16.93,2.82,0.76
Station_D,2024-12-24,7.53,7.33,8.79,15.63,2.89,1.02
Station_D,2024-12-25,7.5,6.75,6.22,14.87,2.84,0.66
Station_D,2024-12-26,6.94,7.59,6.88,15.89,2.17,0.69
Station_D,2024-12-27,7.43,7.33,8.73,15.34,3.66,1.02
Station_D,2024-12-28,7.3,7.02,6.57,18.06,3.15,0.59
Station_D,2024-12-29,7.35,6.88,9.24,16.26,2.64,0.93
Station_D,2024-12-30,6.81,8.01,7.9,15.68,3.18,0.89
Station_E,2024-01-01,7.41,8.04,5.92,22.19,2.21,0.82
Station_E,2024-01-02,6.97,7.53,5.33,22.72,2.96,1.12
Station_E,2024-01-03,7.09,7.18,6.48,24.64,3.12,0.79
Station_E,2024-01-04,7.21,7.01,5.96,23.32,3.19,1.08
Station_E,2024-01-05,6.98,6.82,3.89,23.29,2.95,0.5
Station_E,2024-01-06,7.41,7.46,6.75,24.15,2.87,1.36
Station_E,2024-01-07,5.6,4.62,15.87,22.71,2.84,0.61
Station_E,2024-01-08,7.48,7.65,6.93,22.85,2.73,0.62
Station_E,2024-01-09,6.81,8.36,7.61,23.86,4.14,0.99
Station_E,2024-01-10,6.89,6.76,6.7,24.87,2.84,0.6
Station_E,2024-01-11,6.81,7.31,5.62,23.55,4.06,0.79
Station_E,2024-01-12,7.06,7.2,7.66,23.77,2.01,0.7
Station_E,2024-01-13,7.33,7.23,5.4,24.21,4.08,0.79
Station_E,2024-01-14,6.98,7.56,5.13,23.9,3.28,0.92
Station_E,2024-01-15,7.12,6.52,3.17,24.59,2.24,0.98
Station_E,2024-01-16,7.32,6.19,5.8,22.82,3.22,0.63
Station_E,2024-01-17,7.37,7.22,5.46,23.83,2.91,0.67
Station_E,2024-01-18,6.82,6.67,7.08,22.87,2.97,0.98
Station_E,2024-01-19,7.39,7.38,3.42,26.53,2.98,0.6
Station_E,2024-01-20,7.19,7.19,4.86,22.96,3.1,1.04
Station_E,2024-01-21,7.36,7.34,4.68,26.72,2.73,0.61
Station_E,2024-01-22,6.44,7.9,7.83,24.68,2.54,0.73
Station_E,2024-01-23,7.56,8.15,5.1,25.53,4.06,0.62
Station_E,2024-01-24,6.76,7.8,6.65,25.37,2.75,1.42
Station_E,2024-01-25,7.11,7.38,5.91,24.74,3.38,1.06
Station_E,2024-01-26,8.43,4.58,17.17,24.92,2.89,0.95
Station_E,2024-01-27,7.26,8.25,7.49,25.34,3.21,0.88
Station_E,2024-01-28,6.45,7.74,4.69,25.27,3.61,0.84
Station_E,2024-01-29,7.38,7.7,2.68,24.25,3.51,0.28
Station_E,2024-01-30,7.12,8.47,5.76,26.64,3.68,0.58
Station_E,2024-01-31,8.48,10.83,14.75,24.57,3.54,0.59
Station_E,2024-02-01,6.91,7.25,3.31,25.63,3.64,0.8
Station_E,2024-02-02,6.99,6.98,5.09,26.32,2.85,0.53
Station_E,2024-02-03,6.78,8.15,6.75,25.66,2.78,1.03
Station_E,2024-02-04,7.09,7.92,4.33,26.32,2.61,0.84
Station_E,2024-02-05,7.39,7.73,4.9,25.79,3.08,1.01
Station_E,2024-02-06,5.6,10.44,15.79,26.27,2.89,1.02
Station_E,2024-02-07,7.26,7.25,7.56,26.76,3.56,0.91
Station_E,2024-02-08,7.29,7.87,7.11,26.31,3.12,0.9
Station_E,2024-02-09,7.02,7.66,4.27,25.08,2.53,0.46
Station_E,2024-02-10,7.21,7.79,2.02,27.81,3.6,0.92
Station_E,2024-02-11,7.31,8.01,5.16,27.49,2.52,0.93
Station_E,2024-02-12,7.19,8.15,5.32,27.1,3.11,0.73
Station_E,2024-02-13,7.44,7.64,4.21,25.84,3.03,0.88
Station_E,2024-02-14,7.52,9.01,5.93,27.14,3.58,0.78
Station_E,2024-02-15,7.37,8.02,7.28,27.07,3.55,0.92
Station_E,2024-02-16,6.95,7.74,8.39,26.53,3.16,0.82
Station_E,2024-02-17,6.8,7.81,3.97,26.3,2.98,0.75
Station_E,2024-02-18,6.99,7.54,6.48,26.15,3.5,1.11
Station_E,2024-02-19,7.03,7.74,4.21,26.95,4.05,0.52
Station_E,2024-02-20,7.33,7.06,5.01,27.08,3.1,0.69
Station_E,2024-02-21,7.71,8.34,6.46,25.95,3.27,0.6
Station_E,2024-02-22,6.95,7.96,6.05,26.52,3.13,0.95
Station_E,2024-02-23,6.95,8.52,3.68,26.43,3.12,0.61
Station_E,2024-02-24,6.91,8.14,5.05,27.07,2.45,0.75
Station_E,2024-02-25,7.28,9.06,2.55,26.1,2.84,0.94
Station_E,2024-02-26,7.04,8.86,5.14,25.46,3.03,0.82
Station_E,2024-02-27,7.05,8.41,4.61,27.18,3.91,1.23
Station_E,2024-02-28,7.18,8.22,3.94,26.91,3.06,0.79
Station_E,2024-02-29,7.19,8.8,5.88,28.2,2.95,0.87
Station_E,2024-03-01,6.9,8.4,5.49,27.04,3.61,0.58
Station_E,2024-03-02,6.88,7.21,5.34,28.52,2.82,0.54
Station_E,2024-03-03,7.09,7.89,5.42,27.06,3.3,0.87
Station_E,2024-03-04,7.5,8.65,3.78,28.94,3.21,0.59
Station_E,2024-03-05,7.05,9.02,3.65,26.75,2.72,0.66
Station_E,2024-03-06,7.09,8.14,6.43,27.04,3.65,0.59
Station_E,2024-03-07,7.34,8.24,4.8,26.87,3.24,0.6
Station_E,2024-03-08,7.31,7.23,4.47,29.61,3.27,0.94
Station_E,2024-03-09,6.78,8.52,6.4,27.98,2.94,1.03
Station_E,2024-03-10,7.24,7.43,5.74,26.95,2.63,1.09
Station_E,2024-03-11,6.74,8.27,7.42,28.12,3.83,1.1
Station_E,2024-03-12,6.6,8.29,3.53,27.84,3.06,1.29
Station_E,2024-03-13,7.15,7.53,5.8,29.01,2.5,1.09
Station_E,2024-03-14,7.78,7.91,5.53,27.43,2.55,0.59
Station_E,2024-03-15,7.01,7.77,7.24,28.14,3.83,0.73
Station_E,2024-03-16,6.91,7.45,7.11,27.69,3.02,0.79
Station_E,2024-03-17,6.64,9.19,3.46,28.35,3.09,0.27
Station_E,2024-03-18,7.36,8.06,3.99,27.32,2.29,0.58
Station_E,2024-03-19,7.49,7.5,5.96,27.94,3.01,1.11
Station_E,2024-03-20,6.95,9.37,6.91,28.38,3.1,0.89
Station_E,2024-03-21,7.04,9.08,2.78,27.73,2.46,0.92
Station_E,2024-03-22,5.34,4.91,15.84,26.98,2.75,0.83
Station_E,2024-03-23,6.82,8.99,2.97,28.06,3.7,0.57
Station_E,2024-03-24,7.3,8.09,5.13,27.92,3.02,1.0
Station_E,2024-03-25,7.35,8.04,6.7,28.7,2.77,1.06
Station_E,2024-03-26,6.93,7.68,5.82,26.46,3.29,0.81
Station_E,2024-03-27,7.33,8.48,2.54,27.26,3.23,0.87
Station_E,2024-03-28,7.29,8.15,7.47,26.44,2.85,0.92
Station_E,2024-03-29,7.45,8.39,5.11,27.12,2.82,0.61
Station_E,2024-03-30,7.46,9.19,7.37,28.45,2.89,0.53
Station_E,2024-03-31,6.74,8.57,5.02,26.29,2.72,1.19
Station_E,2024-04-01,6.95,8.39,8.49,28.68,2.88,0.53
Station_E,2024-04-02,7.03,7.91,8.19,27.89,3.39,0.79
Station_E,2024-04-03,7.61,7.84,6.56,27.16,3.76,0.88
Station_E,2024-04-04,7.14,9.58,3.13,30.76,3.0,0.88
Station_E,2024-04-05,6.74,8.02,7.2,28.5,2.79,0.99
Station_E,2024-04-06,6.68,7.53,4.99,26.44,2.71,0.56
Station_E,2024-04-07,7.03,8.71,7.15,28.21,3.4,0.62
Station_E,2024-04-08,7.52,8.36,5.12,27.54,3.74,0.87
Station_E,2024-04-09,7.06,8.91,6.43,27.57,3.08,0.65
Station_E,2024-04-10,7.54,7.43,2.37,29.5,2.33,0.76
Station_E,2024-04-11,7.2,8.64,7.79,28.44,2.96,0.44
Station_E,2024-04-12,8.41,5.49,15.09,27.84,2.68,1.03
Station_E,2024-04-13,6.95,7.88,6.72,28.05,3.0,1.04
Station_E,2024-04-14,5.21,5.42,14.77,27.64,2.57,0.19
Station_E,2024-04-15,7.64,7.75,4.93,26.69,3.55,0.86
Station_E,2024-04-16,5.67,4.69,14.83,28.42,2.91,0.82
Station_E,2024-04-17,8.93,11.0,14.04,30.32,3.02,0.31
Station_E,2024-04-18,7.56,8.86,6.23,28.69,4.14,0.64
Station_E,2024-04-19,6.28,9.02,6.74,30.04,3.68,1.15
Station_E,2024-04-20,7.27,9.33,4.76,29.9,4.09,1.11
Station_E,2024-04-21,6.81,7.4,4.44,28.77,3.85,1.02
Station_E,2024-04-22,5.64,11.73,16.4,27.62,2.98,0.87
Station_E,2024-04-23,6.57,8.68,5.37,28.87,3.25,0.8
Station_E,2024-04-24,7.2,8.81,4.7,28.36,3.2,0.84
Station_E,2024-04-25,7.17,8.92,6.19,26.72,2.57,0.68
Station_E,2024-04-26,7.21,8.29,5.54,29.47,2.56,0.82
Station_E,2024-04-27,7.07,8.84,6.16,27.22,2.97,0.79
Station_E,2024-04-28,7.61,8.31,4.71,27.42,3.88,0.79
Station_E,2024-04-29,7.03,8.42,4.61,26.49,3.18,0.81
Station_E,2024-04-30,6.93,8.45,4.98,27.36,3.69,1.09
Station_E,2024-05-01,7.53,8.6,4.13,26.68,2.71,0.71
Station_E,2024-05-02,7.48,7.87,5.32,26.13,3.05,0.77
Station_E,2024-05-03,6.92,8.12,7.74,27.93,3.21,0.57
Station_E,2024-05-04,7.39,8.42,7.68,25.41,3.39,1.03
Station_E,2024-05-05,6.89,7.66,6.64,26.34,3.16,0.76
Station_E,2024-05-06,6.93,7.68,7.52,27.89,3.1,0.93
Station_E,2024-05-07,7.61,8.02,5.14,26.2,2.59,0.63
Station_E,2024-05-08,6.9,7.81,3.28,27.67,3.02,0.49
Station_E,2024-05-09,7.16,8.03,7.88,25.44,3.03,0.51
Station_E,2024-05-10,7.17,7.79,4.01,26.7,3.87,0.56
Station_E,2024-05-11,7.14,8.68,4.66,27.3,2.16,0.85
Station_E,2024-05-12,6.87,7.93,4.94,28.71,2.48,0.85
Station_E,2024-05-13,7.26,8.04,5.13,26.26,3.09,1.05
Station_E,2024-05-14,6.85,7.49,6.58,26.37,3.52,1.07
Station_E,2024-05-15,7.39,7.29,7.77,26.44,3.58,0.56
Station_E,2024-05-16,6.98,7.91,2.32,26.8,3.23,0.86
Station_E,2024-05-17,9.31,10.75,15.13,26.06,3.18,0.95
Station_E,2024-05-18,7.51,8.34,4.8,27.24,3.11,0.98
Station_E,2024-05-19,6.89,8.07,6.68,25.76,3.6,0.91
Station_E,2024-05-20,7.39,7.84,6.39,25.84,3.18,0.62
Station_E,2024-05-21,7.68,7.83,6.49,27.0,3.01,0.99
Station_E,2024-05-22,7.24,7.35,2.92,27.24,3.09,0.87
Station_E,2024-05-23,7.52,8.27,7.18,25.82,2.83,0.69
Station_E,2024-05-24,6.98,7.51,7.21,23.47,2.83,0.88
Station_E,2024-05-25,6.78,8.52,6.38,24.24,3.44,1.02
Station_E,2024-05-26,6.75,7.91,7.88,26.05,3.14,0.88
Station_E,2024-05-27,5.18,11.34,14.23,24.71,3.0,0.92
Station_E,2024-05-28,7.23,7.46,4.79,24.48,2.95,1.05
Station_E,2024-05-29,6.42,7.79,5.29,25.63,3.19,0.7
Station_E,2024-05-30,7.62,6.96,6.13,25.44,3.47,0.68
Station_E,2024-05-31,7.28,7.61,4.24,24.04,3.27,0.56
Station_E,2024-06-01,7.56,7.6,5.1,25.71,3.8,0.91
Station_E,2024-06-02,7.38,6.5,6.12,24.14,2.76,0.79
Station_E,2024-06-03,6.83,8.52,6.88,26.81,3.33,0.75
Station_E,2024-06-04,7.08,8.33,5.57,25.51,3.87,0.8
Station_E,2024-06-05,7.16,7.79,4.65,25.51,2.41,0.87
Station_E,2024-06-06,7.55,8.56,5.02,24.02,2.4,0.89
Station_E,2024-06-07,7.12,7.01,4.27,25.67,3.08,0.76
Station_E,2024-06-08,6.78,6.74,6.28,26.31,3.22,0.96
Station_E,2024-06-09,6.88,7.1,4.5,25.49,2.27,0.91
Station_E,2024-06-10,6.81,7.83,2.89,24.76,2.49,0.56
Station_E,2024-06-11,6.83,8.35,3.56,25.66,3.65,1.01
Station_E,2024-06-12,7.28,7.2,3.26,22.27,3.99,0.77
Station_E,2024-06-13,7.06,7.49,6.53,25.93,3.72,0.64
Station_E,2024-06-14,7.52,6.01,7.67,25.23,2.69,0.75
Station_E,2024-06-15,7.45,7.71,3.77,23.6,3.39,0.93
Station_E,2024-06-16,7.49,7.68,5.95,23.31,3.06,0.68
Station_E,2024-06-17,7.41,7.32,4.85,22.68,3.56,0.94
Station_E,2024-06-18,7.07,7.88,4.42,23.78,2.86,0.78
Station_E,2024-06-19,7.08,7.9,2.68,25.3,3.3,0.82
Station_E,2024-06-20,6.83,8.39,5.52,22.7,3.45,1.02
Station_E,2024-06-21,7.48,7.4,6.56,23.89,3.31,1.05
Station_E,2024-06-22,7.1,7.91,4.84,22.56,4.01,0.81
Station_E,2024-06-23,8.94,9.03,19.62,24.62,2.93,0.83
Station_E,2024-06-24,7.27,7.1,5.84,22.87,3.01,0.87
Station_E,2024-06-25,7.32,7.13,7.85,22.51,2.83,1.14
Station_E,2024-06-26,7.57,7.32,5.87,22.71,3.68,0.78
Station_E,2024-06-27,7.34,7.73,5.55,20.76,2.45,0.77
Station_E,2024-06-28,7.02,7.04,5.48,21.23,3.22,1.11
Station_E,2024-06-29,7.61,7.82,4.66,24.46,2.83,0.87
Station_E,2024-06-30,6.97,7.68,6.61,23.17,4.0,0.83
Station_E,2024-07-01,6.98,7.39,5.4,20.95,2.59,0.91
Station_E,2024-07-02,6.99,6.89,4.76,20.82,2.67,1.22
Station_E,2024-07-03,6.99,7.43,5.63,21.89,3.17,0.84
Station_E,2024-07-04,6.65,6.61,4.34,21.51,2.91,0.74
Station_E,2024-07-05,7.21,7.46,2.61,21.4,2.9,0.78
Station_E,2024-07-06,7.11,6.62,4.81,20.64,3.0,0.62
Station_E,2024-07-07,6.97,7.04,6.0,21.63,3.46,0.76
Station_E,2024-07-08,7.45,7.36,5.44,20.77,3.25,0.97
Station_E,2024-07-09,5.92,4.16,16.06,21.79,2.46,1.05
Station_E,2024-07-10,6.68,7.47,5.95,21.08,3.26,0.92
Station_E,2024-07-11,6.76,6.61,5.89,20.54,4.75,0.94
Station_E,2024-07-12,6.98,7.03,5.77,22.63,3.67,0.92
Station_E,2024-07-13,7.6,7.19,3.54,21.6,3.84,1.11
Station_E,2024-07-14,7.29,7.1,8.54,21.4,2.94,0.67
Station_E,2024-07-15,6.92,7.08,5.21,21.51,2.83,1.18
Station_E,2024-07-16,6.8,6.44,3.88,20.52,2.83,1.04
Station_E,2024-07-17,7.18,7.49,6.43,20.72,3.3,0.83
Station_E,2024-07-18,5.33,9.74,16.04,20.04,2.69,0.99
Station_E,2024-07-19,6.8,6.42,5.82,21.31,3.21,0.79
Station_E,2024-07-20,8.84,2.76,14.3,19.67,3.12,0.67
Station_E,2024-07-21,7.14,6.58,4.59,19.19,3.25,0.95
Station_E,2024-07-22,7.24,6.74,7.61,19.61,2.06,0.69
Station_E,2024-07-23,7.3,7.03,5.6,19.43,3.04,0.73
Station_E,2024-07-24,7.36,6.79,6.45,20.16,2.86,0.88
Station_E,2024-07-25,6.84,6.69,0.57,19.29,3.02,0.95
Station_E,2024-07-26,7.18,6.12,3.89,18.11,3.6,0.74
Station_E,2024-07-27,7.29,6.85,5.52,18.98,2.79,0.92
Station_E,2024-07-28,7.34,6.64,3.76,18.4,2.45,0.91
Station_E,2024-07-29,6.64,6.29,9.21,20.12,4.02,1.0
Station_E,2024-07-30,7.29,6.55,4.87,20.08,3.04,0.31
Station_E,2024-07-31,7.09,6.84,5.19,19.46,3.7,0.81
Station_E,2024-08-01,7.26,6.95,3.68,18.89,3.09,0.97
Station_E,2024-08-02,6.8,6.14,5.57,19.49,2.87,0.74
Station_E,2024-08-03,7.17,6.45,7.67,18.66,3.24,0.59
Station_E,2024-08-04,7.25,7.37,7.44,18.93,2.82,0.7
Station_E,2024-08-05,7.45,6.32,6.15,19.41,3.18,1.29
Station_E,2024-08-06,7.51,6.52,7.33,19.88,3.56,0.85
Station_E,2024-08-07,7.57,6.4,7.05,18.71,2.44,0.54
Station_E,2024-08-08,7.58,5.21,3.72,17.73,2.65,0.9
Station_E,2024-08-09,6.99,6.94,6.82,20.17,2.77,0.67
Station_E,2024-08-10,7.47,7.34,7.88,18.68,3.37,1.11
Station_E,2024-08-11,7.42,6.46,7.29,18.82,2.32,0.88
Station_E,2024-08-12,7.62,6.14,7.43,18.24,3.65,1.06
Station_E,2024-08-13,6.99,7.15,3.87,18.37,2.48,0.86
Station_E,2024-08-14,6.83,7.39,7.15,18.18,3.15,0.78
Station_E,2024-08-15,7.03,7.29,5.66,19.19,3.16,0.78
Station_E,2024-08-16,7.55,6.2,5.35,18.5,2.84,0.93
Station_E,2024-08-17,6.86,6.83,4.43,17.56,2.44,0.73
Station_E,2024-08-18,7.88,7.19,5.57,18.76,2.24,1.34
Station_E,2024-08-19,7.14,6.22,5.66,17.18,3.23,0.45
Station_E,2024-08-20,7.02,5.98,4.34,17.98,2.42,0.68
Station_E,2024-08-21,8.76,10.06,16.7,17.73,3.29,1.22
Station_E,2024-08-22,7.42,6.35,7.47,18.02,2.58,0.8
Station_E,2024-08-23,7.84,5.57,4.44,16.94,4.31,1.19
Station_E,2024-08-24,7.21,7.25,7.8,18.24,3.09,0.75
Station_E,2024-08-25,7.17,6.34,5.23,18.05,3.24,0.83
Station_E,2024-08-26,5.66,10.0,17.44,17.44,2.62,1.01
Station_E,2024-08-27,6.75,7.5,6.66,18.17,2.63,0.85
Station_E,2024-08-28,6.55,6.09,7.75,18.36,3.32,0.74
Station_E,2024-08-29,7.07,5.8,2.91,17.7,3.31,1.03
Station_E,2024-08-30,7.15,5.58,3.13,17.17,2.4,1.25
Station_E,2024-08-31,6.56,6.55,4.45,15.59,3.07,0.61
Station_E,2024-09-01,7.54,6.66,7.22,14.26,2.91,1.09
Station_E,2024-09-02,6.6,5.62,4.55,17.55,2.48,0.7
Station_E,2024-09-03,7.31,5.66,6.45,17.59,2.23,1.14
Station_E,2024-09-04,7.46,6.8,5.33,15.52,3.07,1.06
Station_E,2024-09-05,7.52,6.52,6.43,15.21,3.25,0.69
Station_E,2024-09-06,7.21,6.23,4.06,16.61,2.4,0.76
Station_E,2024-09-07,7.61,6.01,6.34,18.15,2.81,0.94
Station_E,2024-09-08,6.45,5.84,5.32,17.72,3.18,0.94
Station_E,2024-09-09,6.82,6.41,5.52,16.6,3.01,0.81
Station_E,2024-09-10,7.38,5.89,5.24,18.04,2.8,0.83
Station_E,2024-09-11,7.27,5.51,6.52,18.12,2.6,0.78
Station_E,2024-09-12,7.59,5.94,8.12,16.71,3.56,1.45
Station_E,2024-09-13,7.16,6.69,5.27,15.55,3.06,0.62
Station_E,2024-09-14,7.02,6.21,4.93,17.61,3.01,1.15
Station_E,2024-09-15,7.08,5.89,5.43,15.92,2.14,0.74
Station_E,2024-09-16,7.3,6.06,6.96,14.78,3.36,0.9
Station_E,2024-09-17,6.72,7.06,7.91,16.5,3.72,0.72
Station_E,2024-09-18,6.91,5.43,3.35,16.43,3.9,1.27
Station_E,2024-09-19,7.5,6.73,4.33,15.19,2.92,1.15
Station_E,2024-09-20,7.4,6.87,3.33,16.88,3.77,0.72
Station_E,2024-09-21,6.85,6.7,8.07,16.41,2.65,0.86
Station_E,2024-09-22,6.97,5.88,5.81,19.24,3.61,0.81
Station_E,2024-09-23,7.75,6.34,6.45,15.41,3.44,0.73
Station_E,2024-09-24,7.09,6.39,5.01,17.07,2.97,1.26
Station_E,2024-09-25,7.32,6.36,7.4,16.8,2.78,0.37
Station_E,2024-09-26,7.48,5.08,7.59,17.24,2.52,0.88
Station_E,2024-09-27,7.16,5.17,6.05,16.8,3.9,0.79
Station_E,2024-09-28,6.84,6.65,5.07,16.3,2.88,0.79
Station_E,2024-09-29,8.71,9.12,15.05,16.42,3.08,0.98
Station_E,2024-09-30,7.13,5.92,5.01,18.37,2.6,0.78
Station_E,2024-10-01,7.26,5.77,3.79,15.67,2.73,1.26
Station_E,2024-10-02,7.11,7.57,6.36,14.54,2.71,0.82
Station_E,2024-10-03,7.51,6.37,8.15,14.66,3.27,0.72
Station_E,2024-10-04,7.36,6.04,6.62,16.67,3.13,0.71
Station_E,2024-10-05,7.19,6.01,3.71,16.8,3.48,0.56
Station_E,2024-10-06,7.06,6.74,4.99,16.64,3.46,0.72
Station_E,2024-10-07,7.69,5.94,6.06,15.74,3.07,0.54
Station_E,2024-10-08,7.36,5.57,4.31,15.2,3.7,0.32
Station_E,2024-10-09,6.61,6.26,6.08,15.1,2.78,0.93
Station_E,2024-10-10,6.93,6.83,5.58,16.47,2.46,0.63
Station_E,2024-10-11,7.34,5.99,5.12,16.46,2.66,1.19
Station_E,2024-10-12,7.26,5.58,4.1,15.66,2.73,0.56
Station_E,2024-10-13,7.82,6.64,1.55,17.38,3.03,0.55
Station_E,2024-10-14,7.38,6.67,5.67,17.41,4.33,1.18
Station_E,2024-10-15,7.12,6.14,7.09,16.28,3.57,0.74
Station_E,2024-10-16,7.32,5.73,5.44,17.41,3.01,0.64
Station_E,2024-10-17,6.71,7.32,3.2,19.19,3.32,0.73
Station_E,2024-10-18,6.99,6.75,5.58,16.11,3.37,0.69
Station_E,2024-10-19,7.33,6.07,7.63,17.83,3.19,1.07
Station_E,2024-10-20,5.26,9.82,16.2,15.53,3.0,0.82
Station_E,2024-10-21,7.57,5.99,5.16,14.4,3.93,0.62
Station_E,2024-10-22,7.69,5.18,6.85,17.84,3.22,0.95
Station_E,2024-10-23,7.49,6.13,7.16,17.93,3.6,0.7
Station_E,2024-10-24,7.35,5.73,3.22,16.73,3.83,0.6
Station_E,2024-10-25,7.38,6.46,6.07,16.56,3.31,1.13
Station_E,2024-10-26,7.11,6.56,8.6,17.7,2.71,0.83
Station_E,2024-10-27,7.69,6.75,7.44,17.08,2.66,0.82
Station_E,2024-10-28,6.73,6.05,5.01,18.18,2.32,0.9
Station_E,2024-10-29,7.18,6.25,6.54,17.31,3.73,0.71
Station_E,2024-10-30,7.13,6.77,6.63,16.8,3.0,0.83
Station_E,2024-10-31,7.32,5.84,5.34,19.21,3.12,0.77
Station_E,2024-11-01,7.42,6.7,5.87,17.08,2.46,0.97
Station_E,2024-11-02,7.47,6.4,5.98,16.99,3.51,0.71
Station_E,2024-11-03,6.61,5.94,5.75,18.76,3.56,1.13
Station_E,2024-11-04,7.07,6.68,5.48,17.49,2.6,1.03
Station_E,2024-11-05,7.51,6.05,7.05,17.62,3.61,0.61
Station_E,2024-11-06,7.09,5.93,2.24,17.27,3.65,0.61
Station_E,2024-11-07,7.28,6.57,8.56,18.77,3.46,0.53
Station_E,2024-11-08,7.65,6.83,4.51,17.57,3.02,0.85
Station_E,2024-11-09,6.88,7.65,4.92,15.65,2.76,0.47
Station_E,2024-11-10,6.73,6.72,5.55,18.09,3.01,0.55
Station_E,2024-11-11,6.81,6.63,4.85,18.99,3.49,0.73
Station_E,2024-11-12,7.26,6.95,6.61,18.43,2.73,0.87
Station_E,2024-11-13,7.24,6.38,6.46,18.06,3.26,0.59
Station_E,2024-11-14,7.63,6.95,6.8,18.66,3.71,0.62
Station_E,2024-11-15,5.75,2.91,12.99,16.71,2.87,1.09
Station_E,2024-11-16,6.88,7.31,5.82,18.7,3.29,0.95
Station_E,2024-11-17,6.78,6.56,7.0,17.57,3.21,0.94
Station_E,2024-11-18,6.99,5.51,5.73,19.56,3.2,0.76
Station_E,2024-11-19,7.65,8.11,5.92,17.79,3.29,0.78
Station_E,2024-11-20,7.32,7.69,3.24,20.29,2.96,0.81
Station_E,2024-11-21,7.43,7.25,3.64,19.32,2.09,0.81
Station_E,2024-11-22,7.13,6.41,5.64,19.59,3.39,0.71
Station_E,2024-11-23,6.92,6.3,2.52,18.94,2.98,0.59
Station_E,2024-11-24,7.48,6.79,4.84,18.42,2.48,1.31
Station_E,2024-11-25,7.38,7.1,5.34,19.55,3.18,0.55
Station_E,2024-11-26,6.9,6.39,4.2,18.79,3.1,0.79
Station_E,2024-11-27,7.48,7.38,5.03,18.48,2.67,0.96
Station_E,2024-11-28,7.21,6.98,4.59,20.02,3.38,0.7
Station_E,2024-11-29,7.35,7.72,8.0,19.73,2.64,0.57
Station_E,2024-11-30,7.32,5.85,2.69,17.66,3.25,0.92
Station_E,2024-12-01,6.59,6.6,6.97,19.74,2.46,0.35
Station_E,2024-12-02,6.92,7.67,5.64,19.14,2.93,1.16
Station_E,2024-12-03,5.59,4.12,16.28,20.12,2.87,0.77
Station_E,2024-12-04,6.96,7.23,4.17,20.59,3.16,0.82
Station_E,2024-12-05,6.74,6.4,5.51,18.84,3.81,0.65
Station_E,2024-12-06,7.03,6.9,4.71,20.08,3.83,1.03
Station_E,2024-12-07,5.51,4.36,16.74,20.19,3.55,0.72
Station_E,2024-12-08,7.42,7.3,5.1,19.69,3.22,1.23
Station_E,2024-12-09,7.23,6.02,6.23,20.99,3.02,1.31
Station_E,2024-12-10,7.11,6.46,2.67,18.72,3.11,0.73
Station_E,2024-12-11,7.58,6.57,4.51,20.25,3.95,0.8
Station_E,2024-12-12,7.39,6.6,5.73,18.15,2.39,0.68
Station_E,2024-12-13,6.93,6.06,7.93,19.89,3.18,0.95
Station_E,2024-12-14,7.37,7.62,5.47,20.17,2.79,1.02
Station_E,2024-12-15,6.82,7.46,5.07,20.2,2.7,0.85
Station_E,2024-12-16,7.32,6.48,6.96,23.06,2.71,0.56
Station_E,2024-12-17,7.28,6.95,5.89,21.68,3.21,0.7
Station_E,2024-12-18,7.67,6.48,3.18,20.71,2.45,0.58
Station_E,2024-12-19,7.12,7.8,6.37,20.68,2.85,0.73
Station_E,2024-12-20,7.18,6.58,6.32,19.65,1.98,0.51
Station_E,2024-12-21,7.26,6.98,5.11,21.84,3.82,0.99
Station_E,2024-12-22,7.53,7.64,6.01,21.91,2.66,0.86
Station_E,2024-12-23,7.34,6.27,5.19,21.49,2.6,1.04
Station_E,2024-12-24,7.26,7.02,6.89,21.87,3.41,0.83
Station_E,2024-12-25,7.39,7.26,3.91,20.39,3.11,0.72
Station_E,2024-12-26,7.02,7.42,3.63,21.71,2.58,0.92
Station_E,2024-12-27,6.96,6.74,5.34,23.2,3.06,0.74
Station_E,2024-12-28,8.7,10.36,16.18,20.53,2.42,0.6
Station_E,2024-12-29,6.5,8.24,2.57,22.27,3.34,0.69
Station_E,2024-12-30,6.86,7.95,6.68,22.36,3.06,0.72
